<?xml version="1.0" encoding="UTF-8" standalone="no" ?>
<COLLADA xmlns="http://www.collada.org/2005/11/COLLADASchema" version="1.4.1">
  <asset>
    <contributor>
      <author>Assimp</author>
      <authoring_tool>THREE.GLTFExporter r178</authoring_tool>
    </contributor>
    <created>2026-03-19T19:35:22</created>
    <modified>2026-03-19T19:35:22</modified>
    <unit name="meter" meter="1" />
    <up_axis>Y_UP</up_axis>
  </asset>
  <library_images>
  </library_images>
  <library_effects>
    <effect id="Diffuse-fx" name="Diffuse">
      <profile_COMMON>
        <technique sid="standard">
          <phong>
            <emission>
              <color sid="emission">0   0   0   1</color>
            </emission>
            <diffuse>
              <color sid="diffuse">0.00784299988   0.239216   0.823529005   1</color>
            </diffuse>
            <shininess>
              <float sid="shininess">0</float>
            </shininess>
            <transparency>
              <float sid="transparency">1</float>
            </transparency>
          </phong>
        </technique>
      </profile_COMMON>
    </effect>
    <effect id="Diffuse_1-fx" name="Diffuse_1">
      <profile_COMMON>
        <technique sid="standard">
          <phong>
            <emission>
              <color sid="emission">0   0   0   1</color>
            </emission>
            <diffuse>
              <color sid="diffuse">1   1   1   1</color>
            </diffuse>
            <shininess>
              <float sid="shininess">0</float>
            </shininess>
            <transparency>
              <float sid="transparency">1</float>
            </transparency>
          </phong>
        </technique>
      </profile_COMMON>
    </effect>
    <effect id="Diffuse_3-fx" name="Diffuse_3">
      <profile_COMMON>
        <technique sid="standard">
          <phong>
            <emission>
              <color sid="emission">0   0   0   1</color>
            </emission>
            <diffuse>
              <color sid="diffuse">0.898038983   0.898038983   0.898038983   1</color>
            </diffuse>
            <shininess>
              <float sid="shininess">0</float>
            </shininess>
            <transparency>
              <float sid="transparency">1</float>
            </transparency>
          </phong>
        </technique>
      </profile_COMMON>
    </effect>
    <effect id="material_3-fx" name="">
      <profile_COMMON>
        <technique sid="standard">
          <phong>
            <emission>
              <color sid="emission">0   0   0   1</color>
            </emission>
            <diffuse>
              <color sid="diffuse">1   1   1   1</color>
            </diffuse>
            <shininess>
              <float sid="shininess">0</float>
            </shininess>
            <transparency>
              <float sid="transparency">1</float>
            </transparency>
          </phong>
        </technique>
      </profile_COMMON>
    </effect>
  </library_effects>
  <library_materials>
    <material id="Diffuse" name="Diffuse">
      <instance_effect url="#Diffuse-fx"/>
    </material>
    <material id="Diffuse_1" name="Diffuse_1">
      <instance_effect url="#Diffuse_1-fx"/>
    </material>
    <material id="Diffuse_3" name="Diffuse_3">
      <instance_effect url="#Diffuse_3-fx"/>
    </material>
    <material id="material_3" name="">
      <instance_effect url="#material_3-fx"/>
    </material>
  </library_materials>
  <library_geometries>
    <geometry id="meshesQ0S-0" name="meshes[0]-0" >
      <mesh>
        <source id="meshesQ0S-0-positions" name="meshesQ0S-0-positions">
          <float_array id="meshesQ0S-0-positions-array" count="1959"> 0.0158070009 0.00735600013 -0.0862459987 0.0158070009 0.00749999983 -0.0847830027 0.0158070009 0.00692899991 -0.0876530036 0.0158070009 -0.00102500001 -0.0832339972 0.0158070009 -0.000699999975 -0.0847830027 0.0158070009 -0.000862999994 -0.0832339972 0.0158070009 0.00522499997 -0.0852079988 0.0158070009 0.00623599999 -0.0889500007 0.0158070009 0.00494599994 -0.0861890018 0.0158070009 0.0053030001 -0.0900859982 0.0158070009 0.00514499983 -0.0862049982 0.0158070009 -0.00135000004 -0.0832339972 0.0158070009 -0.00200000009 -0.0843809992 0.0158070009 -0.00130700006 -0.0869729966 0.0158070009 0.00416699983 -0.0910189971 0.0158070009 -0.00200000009 -0.0832339972 0.0158070009 0.00350000011 -0.0802830011 0.0158070009 0.00499900011 -0.0855289996 0.0158070009 0.00485899998 -0.0856230035 0.0158070009 0.00422899984 -0.0851270035 0.0158070009 0.00404699985 -0.0859259963 0.0158070009 0.00421300018 -0.0853269994 0.0158070009 0.0047269999 -0.0851679966 0.0158070009 0.00350000011 -0.0817829967 0.0158070009 0.00431999983 -0.085744001 0.0158070009 0.00146299996 -0.0921389982 0.0158070009 0.00199600006 -0.0869999975 0.0158070009 0.00134299998 -0.087168999 0.0158070009 -0.00219999999 -0.0821319968 0.0158070009 -0.0021879999 -0.0830340013 0.0158070009 -0.00200000009 -0.0821319968 0.0158070009 0 -0.092283003 0.0158070009 -0 -0.087082997 0.0158070009 -0.000500000024 -0.0847830027 0.0158070009 -0.000653999974 -0.0870279968 0.0158070009 0.000500000024 -0.0837830007 0.0158070009 0.00130700006 -0.0869729966 0.0158070009 -0 -0.0872830003 0.0158070009 -0.00219999999 -0.0843809992 0.0158070009 -0.00219999999 -0.0832339972 0.0158070009 -0.00236300007 -0.0832339972 0.0158070009 0.00124999997 -0.0837830007 0.0158070009 0.001942 -0.0868090019 0.0158070009 0.00350000011 -0.0837830007 0.0158070009 0.00377500011 -0.0861089975 0.0158070009 0.00274999999 -0.0837830007 0.0158070009 0.00257700006 -0.0866449997 0.0158070009 0.00287700002 -0.086511001 0.0158070009 0.00286999997 -0.091711998 0.0158070009 -0.000500000024 -0.0830340013 0.0158070009 0.00109999999 -0.0835829973 0.0158070009 0.00230000005 -0.0835829973 0.0158070009 0.00230000005 -0.082682997 0.0158070009 0.00289999996 -0.0835829973 0.0158070009 0.00350000011 -0.0835829973 0.0158070009 0.00289999996 -0.0822329968 0.0158070009 0.00342399999 -0.0806659982 0.0158070009 0.00320699997 -0.0809900016 0.0158070009 0.00260000001 -0.0822080001 0.0158070009 0.00289999996 -0.081983 0.0158070009 0.00260000001 -0.081983 0.0158070009 0.00312500005 -0.0817829967 0.0158070009 0.00288300007 -0.0812069997 0.0158070009 0.00342399999 -0.0798999965 0.0158070009 0.00749999983 -0.0313539989 0.0158070009 0.00320699997 -0.0795760006 0.0158070009 0.00249999994 -0.079282999 0.0158070009 0.00288300007 -0.0793590024 0.0158070009 0.00150000001 -0.079282999 0.0158070009 0.00150000001 -0.0812830031 0.0158070009 0.00111700001 -0.0812069997 0.0158070009 0.00124999997 -0.0817829967 0.0158070009 0.00143800001 -0.0817829967 0.0158070009 0.000500000024 -0.081983 0.0158070009 -0.000500000024 -0.0825340003 0.0158070009 0.000875000027 -0.0817829967 0.0158070009 0.000792999985 -0.0809900016 0.0158070009 0.000500000024 -0.0817829967 0.0158070009 0.00057600002 -0.0806659982 0.0158070009 0.00109999999 -0.081983 0.0158070009 0.00079999998 -0.0835580006 0.0158070009 -0.000500000024 -0.0807849988 0.0158070009 0.00111700001 -0.0793590024 0.0158070009 -0.000792999985 -0.0785780028 0.0158070009 0.000500000024 -0.0802830011 0.0158070009 0.00057600002 -0.0798999965 0.0158070009 -0.000500000024 -0.0792850032 0.0158070009 0.000792999985 -0.0795760006 0.0158070009 -0.00057600002 -0.0789019987 0.0158070009 -0.000688 -0.0830340013 0.0158070009 0.00109999999 -0.0833330005 0.0158070009 0.00139999995 -0.081983 0.0158070009 -0.00150000001 -0.0802849978 0.0158070009 -0.00162500003 -0.0807849988 0.0158070009 -0.00124999997 -0.0807849988 0.0158070009 -0.00286999997 -0.091711998 0.0158070009 -0.00146299996 -0.0921389982 0.0158070009 -0.00199600006 -0.0869999975 0.0158070009 -0.00416699983 -0.0910189971 0.0158070009 -0.00326399994 -0.0865560025 0.0158070009 -0.001942 -0.0868090019 0.0158070009 -0.00350000011 -0.0832339972 0.0158070009 -0.00317599997 -0.0863770023 0.0158070009 -0.00285000005 -0.0832339972 0.0158070009 -0.00257700006 -0.0866449997 0.0158070009 -0.0025249999 -0.0832339972 0.0158070009 -0.00422899984 -0.0851270035 0.0158070009 -0.00377500011 -0.0861089975 0.0158070009 -0.00494599994 -0.0861890018 0.0158070009 -0.0053030001 -0.0900859982 0.0158070009 -0.00514499983 -0.0862049982 0.0158070009 -0.00522499997 -0.0852079988 0.0158070009 -0.00623599999 -0.0889500007 0.0158070009 -0.000699999975 -0.0825340003 0.0158070009 -0.00692899991 -0.0876530036 0.0158070009 -0.00135000004 -0.0809850022 0.0158070009 -0.00124999997 -0.0830340013 0.0158070009 -0.00102500001 -0.0809850022 0.0158070009 -0.000875000027 -0.0830340013 0.0158070009 -0.00735600013 -0.0862459987 0.0158070009 -0.00749999983 -0.0847830027 0.0158070009 -0.00404699985 -0.0859259963 0.0158070009 -0.0047269999 -0.0851679966 0.0158070009 -0.00350000011 -0.0792850032 0.0158070009 -0.00350000011 -0.0830340013 0.0158070009 -0.000699999975 -0.0832339972 0.0158070009 -0.000862999994 -0.0809850022 0.0158070009 -0.000875000027 -0.0807849988 0.0158070009 -0.000688 -0.0807849988 0.0158070009 -0.000792999985 -0.0799919963 0.0158070009 -0.00200000009 -0.0830340013 0.0158070009 -0.00200000009 -0.0807849988 0.0158070009 -0.00200000009 -0.0802849978 0.0158070009 -0.00057600002 -0.0796680003 0.0158070009 -0.00749999983 -0.0313539989 0.0158070009 -0.00150000001 -0.0782850012 0.0158070009 -0.00111700001 -0.0783609971 0.0158070009 -0.00237499992 -0.0830340013 0.0158070009 -0.0025249999 -0.0809850022 0.0158070009 -0.00274999999 -0.0830340013 0.0158070009 -0.00249999994 -0.0802849978 0.0158070009 -0.0021879999 -0.0807849988 0.0158070009 -0.00312500005 -0.0807849988 0.0158070009 -0.00274999999 -0.0807849988 0.0158070009 -0.00288300007 -0.0802090019 0.0158070009 -0.00350000011 -0.0809850022 0.0158070009 -0.00342399999 -0.0796680003 0.0158070009 -0.00350000011 -0.0807849988 0.0158070009 -0.00320699997 -0.0799919963 0.0158070009 -0.00285000005 -0.0809850022 0.0158070009 -0.00320699997 -0.0785780028 0.0158070009 -0.00288300007 -0.0783609971 0.0158070009 -0.00249999994 -0.0782850012 0.0158070009 -0.00342399999 -0.0789019987 0.0158070009 -0.00237499992 -0.0807849988 0.0158070009 0.00237499992 -0.0837830007 0.0158070009 0.00312500005 -0.0837830007 0.0158070009 0.00317599997 -0.0863770023 0.0158070009 0.00200000009 -0.0837830007 0.0158070009 0.000875000027 -0.0837830007 0.0158070009 0.00200000009 -0.0817829967 0.0158070009 0.00249999994 -0.0812830031 0.0158070009 0.00230000005 -0.0824330002 0.0158070009 0.00230000005 -0.081983 0.0158070009 0.00170000002 -0.081983 0.0158070009 0.00170000002 -0.0828830004 0.0158070009 0.00106299995 -0.0817829967 0.0158070009 0.00256299996 -0.0817829967 0.0158070009 0.00237499992 -0.0817829967 0.0158070009 0.00274999999 -0.0817829967 0.0158070009 0.00293800002 -0.0817829967 0.0158070009 0.00162500003 -0.0817829967 0.0158070009 -0.00111700001 -0.0802090019 0.0158070009 -0.000699999975 -0.0809850022 0.0158070009 -0.00317499996 -0.0809850022 0.0158070009 -0.00219999999 -0.0809850022 0.0158070009 -0.00236300007 -0.0809850022 0.0158070009 -0.00167499995 -0.0809850022 0.0158070009 -0.00200000009 -0.0809850022 0.0158070009 -0.00443900004 -0.0859040022 0.0158070009 -0.00387899997 -0.0862800032 0.0158070009 -0.00453899987 -0.085353002 0.0158070009 -0.00470199995 -0.0853660032 0.0158070009 -0.00459299982 -0.0855619982 0.0158070009 -0.00486500002 -0.0853800029 0.0158070009 -0.00472899992 -0.0854709968 0.0158070009 -0.00431999983 -0.085744001 0.0158070009 -0.00421300018 -0.0853269994 0.0158070009 -0.00264899991 -0.0868320018 0.0158070009 -0.00134299998 -0.087168999 0.0158070009 -0.000671999995 -0.0872260034 0.0158070009 0.00453899987 -0.085353002 0.0158070009 0.00486500002 -0.0853800029 0.0158070009 0.00437599979 -0.0853400007 0.0158070009 0.00443900004 -0.0859040022 0.0158070009 0.00387899997 -0.0862800032 0.0158070009 0.00471899984 -0.0857170001 0.0158070009 0.00326399994 -0.0865560025 0.0158070009 0.00295599992 -0.0866940022 0.0158070009 0.00264899991 -0.0868320018 0.0158070009 -0.00471899984 -0.0857170001 0.0158070009 -0.00485899998 -0.0856230035 0.0158070009 -0.00499900011 -0.0855289996 0.0129070003 -0.00749999983 -0.0313539989 0.0129070003 -0.00416699983 -0.0910189971 0.0129070003 -0.00749999983 -0.0847830027 0.0129070003 -0.00692899991 -0.0876530036 0.0129070003 -0.00735600013 -0.0862459987 0.0129070003 -0.00623599999 -0.0889500007 0.0129070003 0.00749999983 -0.0313539989 0.0129070003 0.00749999983 -0.0847830027 0.0129070003 0.00416699983 -0.0910189971 0.0129070003 0.00735600013 -0.0862459987 0.0129070003 0.00692899991 -0.0876530036 0.0129070003 0.00623599999 -0.0889500007 0.0129070003 -0.0053030001 -0.0900859982 0.0129070003 0 -0.092283003 0.0129070003 -0.00286999997 -0.091711998 0.0129070003 -0.00146299996 -0.0921389982 0.0129070003 0.00146299996 -0.0921389982 0.0129070003 0.0053030001 -0.0900859982 0.0129070003 0.00286999997 -0.091711998 0.0128149996 -0.00749999983 -0.0304179993 0.0128149996 0.00749999983 -0.0304179993 0.012542 -0.00749999983 -0.0295170005 0.012542 0.00749999983 -0.0295170005 0.0115010003 -0.00749999983 -0.0279600006 0.0115010003 0.00749999983 -0.0279600006 0.0120980004 0.00749999983 -0.0286870003 0.0120980004 -0.00749999983 -0.0286870003 0.000752999971 -0.00749999983 -0.0172119997 0.000752999971 0.00749999983 -0.0172119997 0.00276300008 -0.00764100021 -0.015203 0.00279300008 -0.00757700019 -0.015172 0.00280399993 -0.00749999983 -0.0151610002 0.00280399993 -0.00749999983 -0.0151610002 0.00266300002 -0.00769999996 -0.0153029999 0.00271699997 -0.00768500008 -0.0152489999 0.00271699997 -0.00768500008 -0.0152489999 0.00266300002 0.00769999996 -0.0153029999 0.00276300008 0.00764100021 -0.015203 0.00280399993 0.00749999983 -0.0151610002 0.00279300008 0.00757700019 -0.015172 0.00271699997 0.00768500008 -0.0152489999 0.00280399993 0.00749999983 -0.0151610002 0.00271699997 0.00768500008 -0.0152489999 0.00266300002 -0.00769999996 -0.0153029999 0.000895000005 0.00769999996 -0.0170699991 0.000895000005 -0.00769999996 -0.0170699991 0.000752999971 -0.00749999983 -0.0172119997 0.000841000001 -0.00768500008 -0.0171249993 0.000763999997 -0.00757700019 -0.0172010008 0.000795 -0.00764100021 -0.0171700008 0.000841000001 -0.00768500008 -0.0171249993 0.000752999971 -0.00749999983 -0.0172119997 0.000795 -0.00764100021 -0.0171700008 0.000752999971 0.00749999983 -0.0172119997 0.000895000005 -0.00769999996 -0.0170699991 0.000752999971 0.00749999983 -0.0172119997 0.000841000001 0.00768500008 -0.0171249993 0.000763999997 0.00757700019 -0.0172010008 0.000795 0.00764100021 -0.0171700008 0.000841000001 0.00768500008 -0.0171249993 0.000795 0.00764100021 -0.0171700008 0.000895000005 0.00769999996 -0.0170699991 0.00266300002 0.00769999996 -0.0153029999 0.00280399993 0.00749999983 -0.0151610002 0.00280399993 -0.00749999983 -0.0151610002 0.0135519998 -0.00749999983 -0.0259089991 0.0135519998 0.00749999983 -0.0259089991 0.0156590007 0.00749999983 -0.0298519991 0.0156590007 -0.00749999983 -0.0298519991 0.0152209997 0.00749999983 -0.028407 0.0152209997 -0.00749999983 -0.028407 0.0145100001 0.00749999983 -0.0270760003 0.0135519998 0.00749999983 -0.0259089991 0.0135519998 -0.00749999983 -0.0259089991 0.0145100001 -0.00749999983 -0.0270760003 0.0116429999 0.00769999996 -0.0278179999 0.006269 0.00769999996 -0.0224440005 0.0134110004 0.00769999996 -0.0260509998 0.00266300002 0.00769999996 -0.0153029999 0.014343 0.00769999996 -0.0271869991 0.0130110001 0.00769999996 -0.0303789992 0.0127269998 0.00769999996 -0.0294410009 0.0122649996 0.00769999996 -0.0285759997 0.0150359999 0.00769999996 -0.0284839999 0.0131069999 0.00769999996 -0.0313539989 0.000895000005 0.00769999996 -0.0170699991 0.0156070003 0.00769999996 -0.0313539989 0.0154630002 0.00769999996 -0.0298909992 0.0156070003 0.00769999996 -0.0847830027 0.0131069999 0.00769999996 -0.0847830027 0.0134110004 -0.00769999996 -0.0260509998 0.006269 -0.00769999996 -0.0224440005 0.0116429999 -0.00769999996 -0.0278179999 0.00266300002 -0.00769999996 -0.0153029999 0.0130110001 -0.00769999996 -0.0303789992 0.014343 -0.00769999996 -0.0271869991 0.0122649996 -0.00769999996 -0.0285759997 0.0127269998 -0.00769999996 -0.0294410009 0.0131069999 -0.00769999996 -0.0313539989 0.0150359999 -0.00769999996 -0.0284839999 0.000895000005 -0.00769999996 -0.0170699991 0.0156070003 -0.00769999996 -0.0313539989 0.0154630002 -0.00769999996 -0.0298909992 0.0156070003 -0.00769999996 -0.0847830027 0.0131069999 -0.00769999996 -0.0847830027 0.0156070003 0.00755200023 -0.0862850025 0.0156070003 0.00711400015 -0.0877299979 0.0156070003 0.00640199985 -0.0890609995 0.0131069999 0.00711400015 -0.0877299979 0.0131069999 0.00755200023 -0.0862850025 0.0131069999 0.00640199985 -0.0890609995 0.0156070003 0.00544499978 -0.0902279988 0.0131069999 0.00544499978 -0.0902279988 0.0156070003 0.00427799998 -0.0911850035 0.0156070003 0.00294700009 -0.0918970034 0.0131069999 0.00427799998 -0.0911850035 0.0156070003 0.00150200003 -0.0923350006 0.0156070003 0 -0.092482999 0.0131069999 0 -0.092482999 0.0131069999 0.00294700009 -0.0918970034 0.0131069999 0.00544499978 -0.0902279988 0.0131069999 0.00150200003 -0.0923350006 0.0156070003 0.00544499978 -0.0902279988 0.0131069999 -0.00755200023 -0.0862850025 0.0156070003 -0.00755200023 -0.0862850025 0.0131069999 -0.00711400015 -0.0877299979 0.0131069999 -0.00640199985 -0.0890609995 0.0156070003 -0.00640199985 -0.0890609995 0.0156070003 -0.00711400015 -0.0877299979 0.0156070003 -0.00544499978 -0.0902279988 0.0131069999 -0.00544499978 -0.0902279988 0.0131069999 -0.00544499978 -0.0902279988 0.0131069999 -0.00427799998 -0.0911850035 0.0156070003 -0.00427799998 -0.0911850035 0.0131069999 -0.00294700009 -0.0918970034 0.0131069999 -0.00150200003 -0.0923350006 0.0156070003 -0.00150200003 -0.0923350006 0.0156070003 -0.00294700009 -0.0918970034 0.0156070003 -0.00544499978 -0.0902279988 0.000841000001 -0.00768500008 -0.0171249993 0.011589 -0.00768500008 -0.0278730001 0.0115120001 -0.00757700019 -0.0279489998 0.000795 -0.00764100021 -0.0171700008 0.000763999997 -0.00757700019 -0.0172010008 0.0115430001 -0.00764100021 -0.0279179998 0.0115430001 -0.00764100021 -0.0279179998 0.000795 -0.00764100021 -0.0171700008 0.0130310003 -0.00768500008 -0.0313539989 0.0129659995 -0.00764100021 -0.0313539989 0.0129359998 -0.00768500008 -0.0303930007 0.0126560004 -0.00768500008 -0.0294700004 0.012596 -0.00764100021 -0.0294950008 0.0128730005 -0.00764100021 -0.0304060001 0.0129230004 -0.00757700019 -0.0313539989 0.0128730005 -0.00764100021 -0.0304060001 0.0129659995 -0.00764100021 -0.0313539989 0.0128300004 -0.00757700019 -0.0304150004 0.0125559997 -0.00757700019 -0.0295109991 0.012542 -0.00749999983 -0.0295170005 0.012596 -0.00764100021 -0.0294950008 0.0127269998 -0.00769999996 -0.0294410009 0.012201 -0.00768500008 -0.0286190007 0.0121470001 -0.00764100021 -0.028655 0.0122649996 -0.00769999996 -0.0285759997 0.0121109998 -0.00757700019 -0.0286790002 0.0121470001 -0.00764100021 -0.028655 0.0115010003 -0.00749999983 -0.0279600006 0.0130310003 -0.00768500008 -0.0313539989 0.0130310003 -0.00768500008 -0.0847830027 0.0129230004 -0.00757700019 -0.0847830027 0.0129659995 -0.00764100021 -0.0847830027 0.0129659995 -0.00764100021 -0.0847830027 0.0129230004 0 -0.092358999 0.0130310003 -0.00710000005 -0.0877240002 0.0130310003 -0.00639000023 -0.0890519992 0.0129230004 -0.00743100001 -0.0862609968 0.0129230004 -0.00757700019 -0.0847830027 0.0129230004 -0.00700000022 -0.0876820013 0.0129070003 -0.00692899991 -0.0876530036 0.0130310003 -0.00753699988 -0.0862819999 0.0129659995 -0.00749500003 -0.086273998 0.0129659995 0 -0.0924239978 0.0130310003 0 -0.0924680009 0.0129659995 -0.00149099994 -0.0922780037 0.0129659995 -0.00706000021 -0.087706998 0.0129230004 -0.00630000001 -0.0889919996 0.0129659995 -0.00635399995 -0.0890280008 0.0129659995 -0.00749500003 -0.086273998 0.0129659995 -0.00706000021 -0.087706998 0.0129659995 -0.00635399995 -0.0890280008 0.0129230004 -0.00147799996 -0.0922140032 0.0129659995 0 -0.0924239978 0.0129230004 -0.00535700005 -0.09014 0.0129230004 -0.00420900015 -0.0910829976 0.0129659995 -0.00424499996 -0.0911369994 0.0129659995 -0.00540299993 -0.0901859999 0.0131069999 -0.00427799998 -0.0911850035 0.0130310003 -0.00294100004 -0.0918830037 0.0131069999 -0.00150200003 -0.0923350006 0.0129230004 -0.00289899996 -0.091783002 0.0131069999 -0.00544499978 -0.0902279988 0.0130310003 -0.00426900014 -0.0911730006 0.0129659995 -0.00540299993 -0.0901859999 0.0130310003 -0.00543399993 -0.0902170017 0.0129659995 -0.00540299993 -0.0901859999 0.0129659995 -0.00424499996 -0.0911369994 0.0130310003 -0.00543399993 -0.0902170017 0.0129659995 -0.00292399991 -0.0918430015 0.0129659995 -0.00149099994 -0.0922780037 0.0129659995 -0.00292399991 -0.0918430015 0.0130310003 -0.00149900001 -0.0923200026 0.0131069999 -0.00544499978 -0.0902279988 0.0131069999 0 -0.092482999 0.0131069999 0.00150200003 -0.0923350006 0.0130310003 0.00149900001 -0.0923200026 0.0129230004 0.00147799996 -0.0922140032 0.0130310003 0.00294100004 -0.0918830037 0.0130310003 0.00426900014 -0.0911730006 0.0129230004 0.00420900015 -0.0910829976 0.0129230004 0.00289899996 -0.091783002 0.0129659995 0.00149099994 -0.0922780037 0.0129659995 0.00149099994 -0.0922780037 0.0129659995 0.00292399991 -0.0918430015 0.0129659995 0.00292399991 -0.0918430015 0.0129659995 0.00424499996 -0.0911369994 0.0129659995 0.00424499996 -0.0911369994 0.0130310003 0.00543399993 -0.0902170017 0.0129659995 0.00540299993 -0.0901859999 0.0129230004 0.00535700005 -0.09014 0.0129659995 0.00540299993 -0.0901859999 0.0130310003 0.00639000023 -0.0890519992 0.0129230004 0.00630000001 -0.0889919996 0.0129230004 0.00700000022 -0.0876820013 0.0129659995 0.00635399995 -0.0890280008 0.0130310003 0.00753699988 -0.0862819999 0.0129070003 0.00735600013 -0.0862459987 0.0129230004 0.00757700019 -0.0847830027 0.0130310003 0.00710000005 -0.0877240002 0.0129230004 0.00743100001 -0.0862609968 0.0129659995 0.00706000021 -0.087706998 0.0129659995 0.00540299993 -0.0901859999 0.0129659995 0.00635399995 -0.0890280008 0.0130310003 0.00543399993 -0.0902170017 0.0129659995 0.00706000021 -0.087706998 0.0129659995 0.00749500003 -0.086273998 0.0129659995 0.00764100021 -0.0847830027 0.0129659995 0.00749500003 -0.086273998 0.0129659995 0.00764100021 -0.0847830027 0.0130310003 0.00768500008 -0.0847830027 0.0130310003 0.00768500008 -0.0313539989 0.0129659995 0.00764100021 -0.0313539989 0.0129230004 0.00757700019 -0.0313539989 0.0129659995 0.00764100021 -0.0313539989 0.0129230004 0.00757700019 -0.0313539989 0.0128149996 0.00749999983 -0.0304179993 0.0128300004 0.00757700019 -0.0304150004 0.0129070003 0.00749999983 -0.0313539989 0.0128730005 0.00764100021 -0.0304060001 0.0125559997 0.00757700019 -0.0295109991 0.012596 0.00764100021 -0.0294950008 0.0126560004 0.00768500008 -0.0294700004 0.0128730005 0.00764100021 -0.0304060001 0.012596 0.00764100021 -0.0294950008 0.0130310003 0.00768500008 -0.0313539989 0.0129359998 0.00768500008 -0.0303930007 0.0120980004 0.00749999983 -0.0286870003 0.0121109998 0.00757700019 -0.0286790002 0.0115120001 0.00757700019 -0.0279489998 0.0121470001 0.00764100021 -0.028655 0.0115430001 0.00764100021 -0.0279179998 0.012201 0.00768500008 -0.0286190007 0.0121470001 0.00764100021 -0.028655 0.011589 0.00768500008 -0.0278730001 0.0115430001 0.00764100021 -0.0279179998 0.000841000001 0.00768500008 -0.0171249993 0.000795 0.00764100021 -0.0171700008 0.000763999997 0.00757700019 -0.0172010008 0.000795 0.00764100021 -0.0171700008 0.00271699997 0.00768500008 -0.0152489999 0.0134650003 0.00768500008 -0.0259969998 0.00276300008 0.00764100021 -0.015203 0.0135110002 0.00764100021 -0.0259509999 0.00279300008 0.00757700019 -0.015172 0.00280399993 0.00749999983 -0.0151610002 0.013541 0.00757700019 -0.0259199999 0.0135110002 0.00764100021 -0.0259509999 0.013541 0.00757700019 -0.0259199999 0.00279300008 0.00757700019 -0.015172 0.0135110002 0.00764100021 -0.0259509999 0.00276300008 0.00764100021 -0.015203 0.0155379996 0.00768500008 -0.0298759993 0.0156440008 0.00757700019 -0.0298549999 0.0157919992 0.00757700019 -0.0313539989 0.0151070002 0.00768500008 -0.0284550004 0.015749 0.00764100021 -0.0313539989 0.0156839993 0.00768500008 -0.0313539989 0.0156020001 0.00764100021 -0.0298629999 0.015749 0.00764100021 -0.0313539989 0.0151669998 0.00764100021 -0.0284299999 0.0152070001 0.00757700019 -0.0284129996 0.0156020001 0.00764100021 -0.0298629999 0.0151669998 0.00764100021 -0.0284299999 0.0144069996 0.00768500008 -0.0271450002 0.0144969998 0.00757700019 -0.0270850006 0.0144610004 0.00764100021 -0.0271090008 0.0144610004 0.00764100021 -0.0271090008 0.0156839993 0.00768500008 -0.0847830027 0.015749 0.00764100021 -0.0847830027 0.0157919992 0.00757700019 -0.0313539989 0.0158070009 0.00749999983 -0.0847830027 0.015749 0.00764100021 -0.0847830027 0.0157919992 0.00757700019 -0.0847830027 0.0156839993 0.00753699988 -0.0862819999 0.0158070009 0.00735600013 -0.0862459987 0.0157919992 0.00743100001 -0.0862609968 0.0158070009 0.00692899991 -0.0876530036 0.0156839993 0.00639000023 -0.0890519992 0.0157919992 0.00630000001 -0.0889919996 0.0157919992 0.00700000022 -0.0876820013 0.0157919992 0.00535700005 -0.09014 0.015749 0.00706000021 -0.087706998 0.015749 0.00749500003 -0.086273998 0.0156839993 0.00768500008 -0.0847830027 0.015749 0.00749500003 -0.086273998 0.015749 0.00706000021 -0.087706998 0.0156839993 0.00710000005 -0.0877240002 0.015749 0.00635399995 -0.0890280008 0.015749 0.00540299993 -0.0901859999 0.015749 0.00635399995 -0.0890280008 0.0156839993 0.00543399993 -0.0902170017 0.015749 0.00540299993 -0.0901859999 0.0156839993 0.00426900014 -0.0911730006 0.0157919992 0.00420900015 -0.0910829976 0.015749 0.00424499996 -0.0911369994 0.0156839993 0.00149900001 -0.0923200026 0.0158070009 0.00146299996 -0.0921389982 0.0157919992 0 -0.092358999 0.0157919992 0.00289899996 -0.091783002 0.0156839993 0.00294100004 -0.0918830037 0.0157919992 0.00147799996 -0.0922140032 0.015749 0.00292399991 -0.0918430015 0.015749 0.00540299993 -0.0901859999 0.015749 0.00424499996 -0.0911369994 0.0156839993 0.00543399993 -0.0902170017 0.015749 0.00292399991 -0.0918430015 0.015749 0.00149099994 -0.0922780037 0.015749 0 -0.0924239978 0.015749 0.00149099994 -0.0922780037 0.015749 0 -0.0924239978 0.0156839993 0 -0.0924680009 0.0156839993 -0.00149900001 -0.0923200026 0.0157919992 -0.00147799996 -0.0922140032 0.0157919992 -0.00289899996 -0.091783002 0.0157919992 -0.00420900015 -0.0910829976 0.015749 -0.00764100021 -0.0847830027 0.0156839993 -0.00768500008 -0.0847830027 0.0156839993 -0.00753699988 -0.0862819999 0.015749 -0.00149099994 -0.0922780037 0.015749 -0.00749500003 -0.086273998 0.0157919992 -0.00757700019 -0.0847830027 0.015749 -0.00764100021 -0.0847830027 0.015749 -0.00149099994 -0.0922780037 0.015749 -0.00292399991 -0.0918430015 0.015749 -0.00424499996 -0.0911369994 0.0156839993 -0.00294100004 -0.0918830037 0.015749 -0.00292399991 -0.0918430015 0.0156839993 -0.00426900014 -0.0911730006 0.015749 -0.00424499996 -0.0911369994 0.0157919992 -0.00535700005 -0.09014 0.0157919992 -0.00743100001 -0.0862609968 0.0157919992 -0.00630000001 -0.0889919996 0.015749 -0.00540299993 -0.0901859999 0.0156839993 -0.00639000023 -0.0890519992 0.0156839993 -0.00710000005 -0.0877240002 0.0157919992 -0.00700000022 -0.0876820013 0.0156839993 -0.00543399993 -0.0902170017 0.015749 -0.00635399995 -0.0890280008 0.015749 -0.00540299993 -0.0901859999 0.0156839993 -0.00543399993 -0.0902170017 0.015749 -0.00540299993 -0.0901859999 0.015749 -0.00635399995 -0.0890280008 0.015749 -0.00706000021 -0.087706998 0.015749 -0.00706000021 -0.087706998 0.015749 -0.00749500003 -0.086273998 0.0156839993 -0.00768500008 -0.0313539989 0.015749 -0.00764100021 -0.0313539989 0.0158070009 -0.00749999983 -0.0313539989 0.015749 -0.00764100021 -0.0313539989 0.0157919992 -0.00757700019 -0.0313539989 0.0156440008 -0.00757700019 -0.0298549999 0.0152070001 -0.00757700019 -0.0284129996 0.0151669998 -0.00764100021 -0.0284299999 0.0156020001 -0.00764100021 -0.0298629999 0.0155379996 -0.00768500008 -0.0298759993 0.0156839993 -0.00768500008 -0.0313539989 0.0151070002 -0.00768500008 -0.0284550004 0.0151669998 -0.00764100021 -0.0284299999 0.0156020001 -0.00764100021 -0.0298629999 0.0144969998 -0.00757700019 -0.0270850006 0.0144610004 -0.00764100021 -0.0271090008 0.013541 -0.00757700019 -0.0259199999 0.0144069996 -0.00768500008 -0.0271450002 0.0144610004 -0.00764100021 -0.0271090008 0.0135110002 -0.00764100021 -0.0259509999 0.0134650003 -0.00768500008 -0.0259969998 0.0135110002 -0.00764100021 -0.0259509999 0.00271699997 -0.00768500008 -0.0152489999 0.013541 -0.00757700019 -0.0259199999 0.00276300008 -0.00764100021 -0.015203 0.0135110002 -0.00764100021 -0.0259509999 0.00279300008 -0.00757700019 -0.015172 0.00276300008 -0.00764100021 -0.015203 0.00279300008 -0.00757700019 -0.015172 0.00280399993 -0.00749999983 -0.0151610002 0.0158070009 0.00249999994 -0.0810829997 0.0158070009 0.00306600006 -0.0808489993 0.0158070009 0.00323899998 -0.0805889964 0.0158070009 0.00280599995 -0.0810220018 0.0158070009 0.000699999975 -0.0802830011 0.0158070009 0.00329999998 -0.0802830011 0.0158070009 0.000760999974 -0.0799769983 0.0158070009 0.00323899998 -0.0799769983 0.0158070009 0.00249999994 -0.0794830024 0.0158070009 0.00280599995 -0.0795440003 0.0158070009 0.00306600006 -0.0797170028 0.0158070009 0.00150000001 -0.0810829997 0.0158070009 0.000934000011 -0.0808489993 0.0158070009 0.00119400001 -0.0810220018 0.0158070009 0.000760999974 -0.0805889964 0.0158070009 0.000934000011 -0.0797170028 0.0158070009 0.00150000001 -0.0794830024 0.0158070009 0.00119400001 -0.0795440003 0.0158070009 -0.00150000001 -0.0800850019 0.0158070009 -0.000934000011 -0.0798510015 0.0158070009 -0.000760999974 -0.0795909986 0.0158070009 -0.00119400001 -0.0800239965 0.0158070009 -0.00323899998 -0.0795909986 0.0158070009 -0.000699999975 -0.0792850032 0.0158070009 -0.00323899998 -0.0789790004 0.0158070009 -0.000760999974 -0.0789790004 0.0158070009 -0.00150000001 -0.0784849972 0.0158070009 -0.00119400001 -0.0785460025 0.0158070009 -0.000934000011 -0.0787189975 0.0158070009 -0.00306600006 -0.0798510015 0.0158070009 -0.00280599995 -0.0800239965 0.0158070009 -0.00249999994 -0.0800850019 0.0158070009 -0.00329999998 -0.0792850032 0.0158070009 -0.00306600006 -0.0787189975 0.0158070009 -0.00249999994 -0.0784849972 0.0158070009 -0.00280599995 -0.0785460025 </float_array>
          <technique_common>
            <accessor count="653" offset="0" source="#meshesQ0S-0-positions-array" stride="3">
              <param name="X" type="float" />
              <param name="Y" type="float" />
              <param name="Z" type="float" />
            </accessor>
          </technique_common>
        </source>
        <source id="meshesQ0S-0-normals" name="meshesQ0S-0-normals">
          <float_array id="meshesQ0S-0-normals-array" count="1959"> 1 -0 -0 1 -0 -0 1 -0 -0 1 -0 -0 1 -0 -0 1 -0 -0 1 -0 -0 1 -0 -0 1 -0 -0 1 -0 -0 1 -0 -0 1 -0 -0 1 -0 -0 1 -0 -0 1 -0 -0 1 -0 -0 1 -0 -0 1 -0 -0 1 -0 -0 1 -0 -0 1 -0 -0 1 -0 -0 1 -0 -0 1 -0 -0 1 -0 -0 1 -0 -0 1 -0 -0 1 -0 -0 1 -0 -0 1 -0 -0 1 -0 -0 1 -0 -0 1 -0 -0 1 -0 -0 1 -0 -0 1 -0 -0 1 -0 -0 1 -0 -0 1 -0 -0 1 -0 -0 1 -0 -0 1 -0 -0 1 -0 -0 1 -0 -0 1 -0 -0 1 -0 -0 1 -0 -0 1 -0 -0 1 -0 -0 1 -0 -0 1 -0 -0 1 -0 -0 1 -0 -0 1 -0 -0 1 -0 -0 1 -0 -0 1 -0 -0 1 -0 -0 1 -0 -0 1 -0 -0 1 -0 -0 1 -0 -0 1 -0 -0 1 -0 -0 1 -0 -0 1 -0 -0 1 -0 -0 1 -0 -0 1 -0 -0 1 -0 -0 1 -0 -0 1 -0 -0 1 -0 -0 1 -0 -0 1 -0 -0 1 -0 -0 1 -0 -0 1 -0 -0 1 -0 -0 1 -0 -0 1 -0 -0 1 -0 -0 1 -0 -0 1 -0 -0 1 -0 -0 1 -0 -0 1 -0 -0 1 -0 -0 1 -0 -0 1 -0 -0 1 -0 -0 1 -0 -0 1 -0 -0 1 -0 -0 1 -0 -0 1 -0 -0 1 -0 -0 1 -0 -0 1 -0 -0 1 -0 -0 1 -0 -0 1 -9.99999975e-05 -0 1 -0 -0 1 -0 -0 1 -0 -0 1 -0 -0 1 -0 -0 1 -0 -0 1 -0 -0 1 -0 -0 1 -0 -0 1 -0 -0 1 -0 -0 1 -0 -0 1 -0 -0 1 -0 -0 1 -0 -0 1 -0 -0 1 -0 -0 1 -0 -0 1 -0 -0 1 -0 -0 1 -0 -0 1 -0 -0 1 -0 -0 1 -0 -0 1 -0 -0 1 -0 -0 1 -0 -0 1 -0 -0 1 -0 -0 1 -0 -0 1 -0 -0 1 -0 -0 1 -0 -0 1 -0 -0 1 -0 -0 1 -0 -0 1 -0 -0 1 -0 -0 1 -0 -0 1 -0 -0 1 -0 -0 1 -0 -0 1 -0 -0 1 9.99999975e-05 -0 1 -0 -0 1 -0 -0 1 -0 -0 1 -0 -0 1 -0 -0 1 -0 -0 1 -0 -0 1 -0 -0 1 -0 -0 1 -0 -0 1 -0 -0 1 -0 -0 1 -0 -0 1 -0 -0 1 -0 -0 1 -0 -0 1 -0 -0 1 -0 -0 1 -0 -0 1 -0 -0 1 -0 -0 1 -0 -0 1 -0 -0 1 -0 -0 1 -0 -0 1 -0 -0 1 -0 -0 1 -0 -0 1 -0 -0 1 -0 -0 1 -0 -0 1 -0 -0 1 -0 -0 1 -0 -0 1 -0 -0 1 -0 -0 1 -0 -0 1 -0 -0 1 -0 -0 1 -0 -0 1 -0 -0 1 -0 -0 1 -0 -0 1 -0 -0 1 -0 -0 1 -0 -0 1 -0 -0 1 -0 -0 1 -0 -0 1 -0 -0 1 -0 -0 1 -0 -0 1 -0 -0 1 -0 -0 1 -0 -0 1 -0 -0 1 -0 -0 -1 -0 -0 -1 -0 -0 -1 -0 -0 -1 -0 -0 -1 -0 -0 -1 -0 -0 -1 -0 -0 -1 -0 -0 -1 -0 -0 -1 -9.99999975e-05 -0 -1 -0 -0 -1 -0 -0 -1 -0 -0 -1 -0 -0 -1 -0 -0 -1 -0 -0 -1 -0 -0 -1 -0 -0 -1 -0 -0 -0.980799973 -0 -0.195099995 -0.980799973 -0 -0.195099995 -0.923900008 -0 -0.382699996 -0.923900008 -0 -0.382699996 -0.707099974 -0 -0.707099974 -0.707099974 -0 -0.707099974 -0.831499994 -0 -0.555599988 -0.831499994 -0 -0.555599988 -0.707099974 -0 -0.707099974 -0.707099974 -0 -0.707099974 -0.707099974 -9.99999975e-05 0.707099974 -0.707000017 -0.000199999995 0.707199991 -0.707099974 -0 0.707099974 -0.707099974 -0 0.707099974 -0.707099974 -0 0.707099974 -0.707099974 -0 0.707099974 -0.707099974 -0 0.707099974 -0.707099974 -0 0.707099974 -0.707099974 9.99999975e-05 0.707099974 -0.707099974 -0 0.707099974 -0.707000017 0.000199999995 0.707199991 -0.707099974 -0 0.707099974 -0.707099974 -0 0.707099974 -0.707099974 -0 0.707099974 -0.707099974 -0 0.707099974 -0.707099974 -0 0.707099974 -0.707099974 -0 0.707099974 -0.707099974 -0 0.707099974 -0.707099974 -0 0.707099974 -0.707099974 -0 0.707099974 -0.707099974 9.99999975e-05 0.707099974 -0.707099974 -0 0.707099974 -0.707099974 -0 0.707099974 -0.707099974 9.99999975e-05 0.707099974 -0.707099974 -0 0.707099974 -0.707099974 -0 0.707099974 -0.707099974 -0 0.707099974 -0.707099974 -0 0.707099974 -0.707099974 -0 0.707099974 -0.707099974 -9.99999975e-05 0.707099974 -0.707099974 -0 0.707099974 -0.707099974 -9.99999975e-05 0.707099974 -0.707099974 -0 0.707099974 -0.707099974 -0 0.707099974 0.707099974 -0 0.707099974 0.707099974 -0 0.707099974 0.707099974 -0 0.707099974 0.707099974 -0 0.707099974 0.980799973 -0 0.195099995 0.980799973 -0 0.195099995 0.923900008 -0 0.382699996 0.923900008 -0 0.382699996 0.831499994 -0 0.555599988 0.707099974 -0 0.707099974 0.707099974 -0 0.707099974 0.831499994 -0 0.555599988 -0 1 -0 -0 1 -0 -0 1 -0 -0 1 -0 -0 1 -0 -0 1 -0 -0 1 -0 -0 1 -0 -0 1 -0 -0 1 -0 -0 1 -0 -0 1 -0 -0 1 -0 -0 1 -0 -0 1 -0 -0 -1 -0 -0 -1 -0 -0 -1 -0 -0 -1 -0 -0 -1 -0 -0 -1 -0 -0 -1 -0 -0 -1 -0 -0 -1 -0 -0 -1 -0 -0 -1 -0 -0 -1 -0 -0 -1 -0 -0 -1 -0 -0 -1 -0 -0 0.980799973 -0.195099995 -0 0.923900008 -0.382699996 -0 0.831499994 -0.555599988 -0 0.923900008 -0.382699996 -0 0.980799973 -0.195099995 -0 0.831499994 -0.555599988 -0 0.707099974 -0.707099974 -0 0.707099974 -0.707099974 -0 0.555599988 -0.831499994 -0 0.382699996 -0.923900008 -0 0.555599988 -0.831499994 -0 0.195099995 -0.980799973 -0 -0 -1 -0 -0 -1 -0 0.382699996 -0.923900008 -0 0.707099974 -0.707099974 -0 0.195099995 -0.980799973 -0 0.707099974 -0.707099974 -0 -0.980799973 -0.195099995 -0 -0.980799973 -0.195099995 -0 -0.923900008 -0.382699996 -0 -0.831499994 -0.555599988 -0 -0.831499994 -0.555599988 -0 -0.923900008 -0.382699996 -0 -0.707099974 -0.707099974 -0 -0.707099974 -0.707099974 -0 -0.707099974 -0.707099974 -0 -0.555599988 -0.831499994 -0 -0.555599988 -0.831499994 -0 -0.382699996 -0.923900008 -0 -0.195099995 -0.980799973 -0 -0.195099995 -0.980799973 -0 -0.382699996 -0.923900008 -0 -0.707099974 -0.707099974 -0.270599991 -0.923900008 -0.270599991 -0.270599991 -0.923900008 -0.270599991 -0.653299987 -0.382699996 -0.653299987 -0.5 -0.707099974 -0.5 -0.653299987 -0.382699996 -0.653299987 -0.5 -0.707099974 -0.5 -0.5 -0.707099974 -0.5 -0.5 -0.707099974 -0.5 -0.382699996 -0.923900008 -0 -0.707099974 -0.707099974 -0 -0.37529999 -0.923900008 -0.0746999979 -0.353500009 -0.923900008 -0.146400005 -0.653299987 -0.707099974 -0.270599991 -0.693499982 -0.707099974 -0.137899995 -0.923900008 -0.382699996 -0 -0.693499982 -0.707099974 -0.137899995 -0.707099974 -0.707099974 -0 -0.906099975 -0.382699996 -0.180199996 -0.853600025 -0.382699996 -0.353599995 -0.923900008 -9.99999975e-05 -0.382699996 -0.653299987 -0.707099974 -0.270599991 -9.99999975e-05 -1 -0 -0.318199992 -0.923900008 -0.212599993 -0.587899983 -0.707099974 -0.39289999 -9.99999975e-05 -1 -0 -0.76819998 -0.382699996 -0.513300002 -0.587899983 -0.707099974 -0.39289999 -0.707099974 -9.99999975e-05 -0.707099974 -0.382600009 -0.923900008 -0 -0.382699996 -0.923900008 -0 -0.923900008 -0.382600009 -0 -0.707099974 -0.707099974 -0 -0.707099974 -0.707099974 -0 -0.923900008 -0 -0.382699996 -0.382699996 -0.853600025 -0.353599995 -0.382699996 -0.76819998 -0.513300002 -0.923900008 -0.37529999 -0.0746999979 -0.923900008 -0.382699996 -0 -0.923900008 -0.353599995 -0.146500006 -1 -9.99999975e-05 -0 -0.382699996 -0.906099975 -0.180199996 -0.707099974 -0.693499982 -0.137999997 -0.707099974 -0 -0.707099974 -0.382699996 -0 -0.923900008 -0.707099974 -0.137999997 -0.693499982 -0.707099974 -0.653299987 -0.270599991 -0.923900008 -0.318199992 -0.212599993 -0.707099974 -0.587899983 -0.392800003 -0.707099974 -0.693499982 -0.137999997 -0.707099974 -0.653299987 -0.270599991 -0.707099974 -0.587899983 -0.392800003 -0.923900008 -0.0746999979 -0.37529999 -0.707099974 -0 -0.707099974 -0.923900008 -0.270599991 -0.270599991 -0.923900008 -0.212599993 -0.318199992 -0.707099974 -0.39289999 -0.588 -0.707099974 -0.5 -0.5 -9.99999975e-05 -0.555599988 -0.831499994 -0.382699996 -0.353599995 -0.853600025 -9.99999975e-05 -0.195099995 -0.980799973 -0.923900008 -0.146400005 -0.353599995 -9.99999975e-05 -0.707099974 -0.707099974 -0.382699996 -0.513300002 -0.76819998 -0.707099974 -0.5 -0.5 -0.382699996 -0.653299987 -0.653299987 -0.707099974 -0.5 -0.5 -0.707099974 -0.39289999 -0.588 -0.382699996 -0.653299987 -0.653299987 -0.707099974 -0.270599991 -0.653299987 -0.707099974 -0.137999997 -0.693499982 -0.707099974 -0.270599991 -0.653299987 -0.382699996 -0.180199996 -0.906099975 -9.99999975e-05 -0.707099974 -0.707099974 -9.99999975e-05 -0 -1 -9.99999975e-05 0.195099995 -0.980799973 -0.382699996 0.180199996 -0.906099975 -0.923900008 0.0746999979 -0.37529999 -0.382699996 0.353599995 -0.853600025 -0.382699996 0.513300002 -0.76819998 -0.923900008 0.212599993 -0.318199992 -0.923900008 0.146500006 -0.353599995 -0.707099974 0.137899995 -0.693499982 -0.707099974 0.137899995 -0.693499982 -0.707099974 0.270599991 -0.653299987 -0.707099974 0.270599991 -0.653299987 -0.707099974 0.392800003 -0.587899983 -0.707099974 0.392800003 -0.587899983 -0.382699996 0.653299987 -0.653299987 -0.707099974 0.5 -0.5 -0.923900008 0.270599991 -0.270599991 -0.707099974 0.5 -0.5 -0.382699996 0.76819998 -0.513300002 -0.923900008 0.318199992 -0.212599993 -0.923900008 0.353599995 -0.146500006 -0.707099974 0.587899983 -0.392800003 -0.382600009 0.906099975 -0.180199996 -1 -0 -0 -0.923900008 0.382699996 -0 -0.382699996 0.853500009 -0.353599995 -0.923900008 0.37529999 -0.0746000037 -0.707099974 0.653299987 -0.270599991 -0.707099974 0.5 -0.5 -0.707099974 0.587899983 -0.392800003 -0.382699996 0.653299987 -0.653299987 -0.707099974 0.653299987 -0.270599991 -0.707099974 0.693499982 -0.137999997 -0.707099974 0.707099974 -0 -0.707099974 0.693499982 -0.137999997 -0.707099974 0.707099974 -0 -0.382699996 0.923900008 -0 -0.382600009 0.923900008 -0 -0.707099974 0.707099974 -0 -0.923900008 0.382600009 -0 -0.707099974 0.707099974 -0 -0.923900008 0.382699996 -0 -0.980799973 9.99999975e-05 -0.195099995 -0.906099975 0.382699996 -0.180199996 -1 9.99999975e-05 -0 -0.693499982 0.707099974 -0.137999997 -0.853500009 0.382699996 -0.353500009 -0.653299987 0.707099974 -0.270599991 -0.353599995 0.923900008 -0.146400005 -0.693499982 0.707099974 -0.137999997 -0.653299987 0.707099974 -0.270599991 -0.382699996 0.923900008 -0 -0.37529999 0.923900008 -0.0746999979 -0.831499994 9.99999975e-05 -0.555599988 -0.76819998 0.382699996 -0.513300002 -0.653299987 0.382699996 -0.653299987 -0.587899983 0.707099974 -0.392800003 -0.5 0.707099974 -0.5 -0.318199992 0.923900008 -0.212599993 -0.587899983 0.707099974 -0.392800003 -0.270599991 0.923900008 -0.270599991 -0.5 0.707099974 -0.5 -0.270599991 0.923900008 -0.270599991 -0.5 0.707099974 -0.5 -0.653299987 0.382699996 -0.653299987 -0.5 0.707099974 -0.5 0.270599991 0.923900008 0.270599991 0.270599991 0.923900008 0.270599991 0.5 0.707099974 0.5 0.5 0.707099974 0.5 0.653299987 0.382699996 0.653299987 0.707099974 -0 0.707099974 0.653299987 0.382699996 0.653299987 0.5 0.707099974 0.5 0.653299987 0.382699996 0.653299987 0.653299987 0.382699996 0.653299987 0.5 0.707099974 0.5 0.5 0.707099974 0.5 0.37529999 0.923900008 0.0746999979 0.906099975 0.382699996 0.180199996 0.923900008 0.382699996 -0 0.353599995 0.923900008 0.146400005 0.707099974 0.707099974 -0 0.382699996 0.923900008 -0 0.693499982 0.707099974 0.137999997 0.707099974 0.707099974 -0 0.653299987 0.707099974 0.270599991 0.853600025 0.382699996 0.353599995 0.693499982 0.707099974 0.137999997 0.653299987 0.707099974 0.270599991 0.318199992 0.923900008 0.212599993 0.76819998 0.382699996 0.513300002 0.588 0.707099974 0.39289999 0.588 0.707099974 0.39289999 0.382600009 0.923900008 -0 0.707099974 0.707099974 -0 0.923900008 0.382600009 -0 1 9.99999975e-05 -0 0.707099974 0.707099974 -0 0.923900008 0.382699996 -0 0.382699996 0.906099975 -0.180199996 1 9.99999975e-05 -0 0.923900008 0.37529999 -0.0746999979 1 9.99999975e-05 -0 0.382699996 0.76819998 -0.513300002 0.923900008 0.318199992 -0.212599993 0.923900008 0.353599995 -0.146500006 0.923900008 0.270599991 -0.270599991 0.707099974 0.653299987 -0.270599991 0.707099974 0.693499982 -0.137999997 0.382699996 0.923900008 -0 0.707099974 0.693499982 -0.137999997 0.707099974 0.653299987 -0.270599991 0.382699996 0.853500009 -0.353599995 0.707099974 0.587899983 -0.39289999 0.707099974 0.5 -0.5 0.707099974 0.587899983 -0.39289999 0.382699996 0.653299987 -0.653299987 0.707099974 0.5 -0.5 0.382699996 0.513300002 -0.76819998 0.923900008 0.212599993 -0.318199992 0.707099974 0.392800003 -0.587899983 0.382699996 0.180199996 -0.906099975 1 -0 -9.99999975e-05 0.923900008 -0 -0.382699996 0.923900008 0.146500006 -0.353599995 0.382699996 0.353599995 -0.853600025 0.923900008 0.0746999979 -0.375400007 0.707099974 0.270599991 -0.653299987 0.707099974 0.5 -0.5 0.707099974 0.392800003 -0.587899983 0.382699996 0.653299987 -0.653299987 0.707099974 0.270599991 -0.653299987 0.707099974 0.137899995 -0.693499982 0.707099974 -0 -0.707099974 0.707099974 0.137899995 -0.693499982 0.707099974 -0 -0.707099974 0.382699996 -0 -0.923900008 0.382699996 -0.180199996 -0.906099975 0.923900008 -0.0746999979 -0.37529999 0.923900008 -0.146500006 -0.353599995 0.923900008 -0.212599993 -0.318199992 0.707099974 -0.707099974 -0 0.382699996 -0.923900008 -0 0.382699996 -0.906099975 -0.180199996 0.707099974 -0.137999997 -0.693499982 0.707099974 -0.693499982 -0.137999997 0.923900008 -0.382699996 -0 0.707099974 -0.707099974 -0 0.707099974 -0.137999997 -0.693499982 0.707099974 -0.270599991 -0.653299987 0.707099974 -0.39289999 -0.587899983 0.382699996 -0.353599995 -0.853600025 0.707099974 -0.270599991 -0.653299987 0.382699996 -0.513300002 -0.76819998 0.707099974 -0.39289999 -0.587899983 0.923900008 -0.270599991 -0.270599991 0.923900008 -0.37529999 -0.0746999979 0.923900008 -0.318199992 -0.212599993 0.707099974 -0.5 -0.5 0.382699996 -0.76819998 -0.513300002 0.382699996 -0.853500009 -0.353599995 0.923900008 -0.353599995 -0.146500006 0.382699996 -0.653299987 -0.653299987 0.707099974 -0.587899983 -0.392800003 0.707099974 -0.5 -0.5 0.382699996 -0.653299987 -0.653299987 0.707099974 -0.5 -0.5 0.707099974 -0.587899983 -0.392800003 0.707099974 -0.653299987 -0.270599991 0.707099974 -0.653299987 -0.270599991 0.707099974 -0.693499982 -0.137999997 0.382600009 -0.923900008 -0 0.707099974 -0.707099974 -0 1 -9.99999975e-05 -0 0.707099974 -0.707099974 -0 0.923900008 -0.382699996 -0 0.906099975 -0.382699996 0.180199996 0.853600025 -0.382699996 0.353599995 0.653299987 -0.707099974 0.270599991 0.693499982 -0.707099974 0.137999997 0.37529999 -0.923900008 0.0746999979 0.382699996 -0.923900008 -0 0.353599995 -0.923900008 0.146500006 0.653299987 -0.707099974 0.270599991 0.693499982 -0.707099974 0.137999997 0.76819998 -0.382699996 0.513300002 0.587899983 -0.707099974 0.392800003 0.653299987 -0.382699996 0.653299987 0.318199992 -0.923900008 0.212599993 0.587899983 -0.707099974 0.392800003 0.5 -0.707099974 0.5 0.270599991 -0.923900008 0.270599991 0.5 -0.707099974 0.5 0.270599991 -0.923900008 0.270599991 0.653299987 -0.382699996 0.653299987 0.5 -0.707099974 0.5 0.5 -0.707099974 0.5 0.653299987 -0.382699996 0.653299987 0.5 -0.707099974 0.5 0.653299987 -0.382699996 0.653299987 0.707099974 -0 0.707099974 1 -0 -0 1 -0 -0 1 -0 -0 1 -0 -0 1 -0 -0 1 -0 -0 1 -0 -0 1 -0 -0 1 -0 -0 1 -0 -0 1 -0 -0 1 -0 -0 1 -0 -0 1 -0 -0 1 -0 -0 1 -0 -0 1 -0 -0 1 -0 -0 1 -0 -0 1 -0 -0 1 -0 -0 1 -0 -0 1 -0 -0 1 -0 -0 1 -0 -0 1 -0 -0 1 -0 -0 1 -0 -0 1 -0 -0 1 -0 -0 1 -0 -0 1 -0 -0 1 -0 -0 1 -0 -0 1 -0 -0 1 -0 -0 </float_array>
          <technique_common>
            <accessor count="653" offset="0" source="#meshesQ0S-0-normals-array" stride="3">
              <param name="X" type="float" />
              <param name="Y" type="float" />
              <param name="Z" type="float" />
            </accessor>
          </technique_common>
        </source>
        <source id="meshesQ0S-0-tex0" name="meshesQ0S-0-tex0">
          <float_array id="meshesQ0S-0-tex0-array" count="1306"> 0.0859989971 0.992644012 0.0845360011 0.992500007 0.087406002 0.99307102 0.082987003 1.00102496 0.0845360011 1.0007 0.082987003 1.00086296 0.0849609971 0.994774997 0.0887020007 0.993763983 0.0859410018 0.995054007 0.0898389965 0.994696975 0.0859569982 0.994854987 0.082987003 1.00135005 0.0841339976 1.00199997 0.0867249966 1.00130701 0.0907720029 0.99583298 0.082987003 1.00199997 0.0800359994 0.996500015 0.0852819979 0.995001018 0.0853750035 0.995141029 0.0848800018 0.995770991 0.0856790021 0.995953023 0.0850789994 0.995787024 0.0849199966 0.995272994 0.0815360025 0.996500015 0.0854969993 0.995679975 0.0918909982 0.998537004 0.0867530033 0.998004019 0.0869219974 0.998656988 0.0818850026 1.00220001 0.0827869996 1.00218797 0.0818850026 1.00199997 0.0920360014 1 0.0868360028 1 0.0845360011 1.00049996 0.0867799968 1.00065398 0.0835359991 0.999499977 0.0867249966 0.998692989 0.0870359987 1 0.0841339976 1.00220001 0.082987003 1.00220001 0.082987003 1.00236297 0.0835359991 0.998749971 0.0865610018 0.998058021 0.0835359991 0.996500015 0.0858609974 0.996224999 0.0835359991 0.997250021 0.0863969997 0.997422993 0.086263001 0.997123003 0.0914649963 0.997129977 0.0827869996 1.00049996 0.0833360031 0.998899996 0.0833360031 0.997699976 0.0824360028 0.997699976 0.0833360031 0.997099996 0.0833360031 0.996500015 0.0819860026 0.997099996 0.0804179981 0.996576011 0.0807429999 0.996792972 0.0819609985 0.997399986 0.0817359984 0.997099996 0.0817359984 0.997399986 0.0815360025 0.996874988 0.0809589997 0.997116983 0.0796530023 0.996576011 0.0311069991 0.992500007 0.0793280005 0.996792972 0.0790359974 0.997500002 0.0791120008 0.997116983 0.0790359974 0.99849999 0.0810360014 0.99849999 0.0809589997 0.998883009 0.0815360025 0.998749971 0.0815360025 0.998561978 0.0817359984 0.999499977 0.0822869986 1.00049996 0.0815360025 0.999125004 0.0807429999 0.99920702 0.0815360025 0.999499977 0.0804179981 0.999423981 0.0817359984 0.998899996 0.083310999 0.999199986 0.0805379972 1.00049996 0.0791120008 0.998883009 0.0783310011 1.00079298 0.0800359994 0.999499977 0.0796530023 0.999423981 0.0790380016 1.00049996 0.0793280005 0.99920702 0.0786549971 1.00057602 0.0827869996 1.00068796 0.0830859989 0.998899996 0.0817359984 0.998600006 0.0800380036 1.00150001 0.0805379972 1.00162494 0.0805379972 1.00125003 0.0914649963 1.00286996 0.0918909982 1.00146306 0.0867530033 1.00199604 0.0907720029 1.00416696 0.0863080025 1.00326395 0.0865610018 1.00194204 0.082987003 1.00349998 0.0861290023 1.00317597 0.082987003 1.00285006 0.0863969997 1.00257695 0.082987003 1.00252497 0.0848800018 1.00422895 0.0858609974 1.003775 0.0859410018 1.00494599 0.0898389965 1.00530303 0.0859569982 1.00514495 0.0849609971 1.00522494 0.0887020007 1.00623596 0.0822869986 1.0007 0.087406002 1.00692904 0.0807380006 1.00135005 0.0827869996 1.00125003 0.0807380006 1.00102496 0.0827869996 1.000875 0.0859989971 1.00735605 0.0845360011 1.00750005 0.0856790021 1.00404704 0.0849199966 1.00472701 0.0790380016 1.00349998 0.0827869996 1.00349998 0.082987003 1.0007 0.0807380006 1.00086296 0.0805379972 1.000875 0.0805379972 1.00068796 0.0797450021 1.00079298 0.0827869996 1.00199997 0.0805379972 1.00199997 0.0800380036 1.00199997 0.0794200003 1.00057602 0.0311069991 1.00750005 0.0780379996 1.00150001 0.0781140029 1.00111699 0.0827869996 1.00237501 0.0807380006 1.00252497 0.0827869996 1.00275004 0.0800380036 1.00250006 0.0805379972 1.00218797 0.0805379972 1.00312495 0.0805379972 1.00275004 0.0799610019 1.00288296 0.0807380006 1.00349998 0.0794200003 1.00342405 0.0805379972 1.00349998 0.0797450021 1.00320697 0.0807380006 1.00285006 0.0783310011 1.00320697 0.0781140029 1.00288296 0.0780379996 1.00250006 0.0786549971 1.00342405 0.0805379972 1.00237501 0.0835359991 0.997624993 0.0835359991 0.996874988 0.0861290023 0.996824026 0.0835359991 0.998000026 0.0835359991 0.999125004 0.0815360025 0.998000026 0.0810360014 0.997500002 0.0821859986 0.997699976 0.0817359984 0.997699976 0.0817359984 0.998300016 0.0826359987 0.998300016 0.0815360025 0.998937011 0.0815360025 0.997437 0.0815360025 0.997624993 0.0815360025 0.997250021 0.0815360025 0.997062027 0.0815360025 0.998374999 0.0799610019 1.00111699 0.0807380006 1.0007 0.0807380006 1.00317502 0.0807380006 1.00220001 0.0807380006 1.00236297 0.0807380006 1.00167501 0.0807380006 1.00199997 0.0856570005 1.004439 0.0860320032 1.00387895 0.0851060003 1.00453901 0.0851190016 1.00470197 0.0853139982 1.00459301 0.0851320028 1.00486505 0.0852229968 1.00472903 0.0854969993 1.00432003 0.0850789994 1.00421298 0.0865840018 1.00264895 0.0869219974 1.00134301 0.0869790018 1.00067198 0.0851060003 0.995460987 0.0851320028 0.995135009 0.085092999 0.995624006 0.0856570005 0.995561004 0.0860320032 0.996120989 0.085469 0.995280981 0.0863080025 0.99673599 0.0864460021 0.997044027 0.0865840018 0.997350991 0.085469 1.00471902 0.0853750035 1.00485897 0.0852819979 1.00499904 -0.0311069991 1.00750005 -0.0907720029 1.00416696 -0.0845360011 1.00750005 -0.087406002 1.00692904 -0.0859989971 1.00735605 -0.0887020007 1.00623596 -0.0311069991 0.992500007 -0.0845360011 0.992500007 -0.0907720029 0.99583298 -0.0859989971 0.992644012 -0.087406002 0.99307102 -0.0887020007 0.993763983 -0.0898389965 1.00530303 -0.0920360014 1 -0.0914649963 1.00286996 -0.0918909982 1.00146306 -0.0918909982 0.998537004 -0.0898389965 0.994696975 -0.0914649963 0.997129977 -0.0301699992 1.00750005 -0.0301699992 0.992500007 -0.0292700008 1.00750005 -0.0292700008 0.992500007 -0.0277120005 1.00750005 -0.0277120005 0.992500007 -0.0284400005 0.992500007 -0.0284400005 1.00750005 -0.0169639997 1.00750005 -0.0169639997 0.992500007 0.00764100021 0.959845006 0.00757700019 0.959814012 0.00749999983 0.959802985 -0.0149140004 1.00750005 -0.0150549999 1.00769997 -0.0150009999 1.00768495 0.00768500008 0.959891021 -0.0150549999 0.992299974 -0.00764100021 0.959845006 -0.00749999983 0.959802985 -0.00757700019 0.959814012 -0.00768500008 0.959891021 -0.0149140004 0.992500007 -0.0150009999 0.992314994 0.00769999996 0.959945023 -0.00769999996 0.961712003 0.00769999996 0.961712003 0.00749999983 0.961853981 0.00768500008 0.961767018 0.00757700019 0.961843014 0.00764100021 0.961812019 -0.0168769993 1.00768495 -0.0169639997 1.00750005 -0.0169229992 1.00764096 -0.0169639997 0.992500007 -0.0168229993 1.00769997 -0.00749999983 0.961853981 -0.00768500008 0.961767018 -0.00757700019 0.961843014 -0.00764100021 0.961812019 -0.0168769993 0.992314994 -0.0169229992 0.992358983 -0.0168229993 0.992299974 -0.00769999996 0.959945023 -0.00749999983 0.959802985 0.00749999983 0.959802985 0.00749999983 0.949055016 -0.00749999983 0.949055016 0.0296039991 0.992500007 0.0296039991 1.00750005 0.0281600002 0.992500007 0.0281600002 1.00750005 0.0268290006 0.992500007 0.0256619994 0.992500007 0.0256619994 1.00750005 0.0268290006 1.00750005 -0.0275710002 0.950963974 -0.0221970007 0.956337988 -0.0258029997 0.949196994 -0.0150549999 0.959945023 -0.0269399993 0.948264003 -0.0301309992 0.949595988 -0.0291930009 0.949881017 -0.0283289999 0.950343013 -0.0282359999 0.94757098 -0.0311069991 0.949500024 -0.0168229993 0.961712003 -0.0311069991 0.947000027 -0.0296429992 0.947144032 -0.0845360011 0.947000027 -0.0845360011 0.949500024 0.0258029997 0.949196994 0.0221970007 0.956337988 0.0275710002 0.950963974 0.0150549999 0.959945023 0.0301309992 0.949595988 0.0269399993 0.948264003 0.0283289999 0.950343013 0.0291930009 0.949881017 0.0311069991 0.949500024 0.0282359999 0.94757098 0.0168229993 0.961712003 0.0311069991 0.947000027 0.0296429992 0.947144032 0.0845360011 0.947000027 0.0845360011 0.949500024 -0.0860380009 0.947000027 -0.0874819979 0.947000027 -0.0888129994 0.947000027 -0.0874819979 0.949500024 -0.0860380009 0.949500024 -0.0888129994 0.949500024 -0.0899799988 0.947000027 -0.0899799988 0.949500024 0.00427799998 0.947000027 0.00294700009 0.947000027 0.00427799998 0.949500024 0.00150200003 0.947000027 0 0.947000027 0 0.949500024 0.00294700009 0.949500024 0.00544499978 0.949500024 0.00150200003 0.949500024 0.00544499978 0.947000027 0.0860380009 0.949500024 0.0860380009 0.947000027 0.0874819979 0.949500024 0.0888129994 0.949500024 0.0888129994 0.947000027 0.0874819979 0.947000027 0.0899799988 0.947000027 0.0899799988 0.949500024 -0.00544499978 0.949500024 -0.00427799998 0.949500024 -0.00427799998 0.947000027 -0.00294700009 0.949500024 -0.00150200003 0.949500024 -0.00150200003 0.947000027 -0.00294700009 0.947000027 -0.00544499978 0.947000027 0.0168769993 0.961767018 0.0276250001 0.951018989 -0.027702 1.00757694 -0.0169229992 1.00764096 -0.0169539992 1.00757694 -0.027671 1.00764096 0.027671 0.951063991 0.0169229992 0.961812019 0.0311069991 0.949576974 0.0311069991 0.949640989 0.0301460009 0.94967103 0.0292220004 0.949950993 0.0292470008 0.950011015 0.0301590003 0.949734986 -0.0311069991 1.00757694 -0.0301590003 1.00764096 -0.0311069991 1.00764096 -0.0301670004 1.00757694 -0.0292639993 1.00757694 -0.0292700008 1.00750005 -0.0292470008 1.00764096 0.0291930009 0.949881017 0.0283710007 0.950406015 0.028407 0.950460017 0.0283289999 0.950343013 -0.0284310002 1.00757694 -0.028407 1.00764096 -0.0277120005 1.00750005 0.0311069991 0.949576974 0.0845360011 0.949576974 -0.0845360011 1.00757694 0.0845360011 0.949640989 -0.0845360011 1.00764096 -0.0921119973 1 0.0874760002 0.949576974 0.0888049975 0.949576974 -0.0860140026 1.00743103 -0.0845360011 1.00757694 -0.0874349996 1.00699997 -0.087406002 1.00692904 0.0860349983 0.949576974 -0.086025998 1.00749505 0 0.949640989 0 0.949576974 -0.00149099994 0.949640989 -0.0874599963 1.00706005 -0.088744998 1.00629997 -0.0887809992 1.00635397 0.086025998 0.949640989 0.0874599963 0.949640989 0.0887809992 0.949640989 -0.0919660032 1.00147796 -0.0921770036 1 -0.0898929983 1.00535703 -0.0908349976 1.00420904 -0.0908889994 1.00424504 -0.0899389982 1.00540304 -0.00427799998 0.949500024 -0.00294100004 0.949576974 -0.00150200003 0.949500024 -0.091535002 1.00289905 -0.00544499978 0.949500024 -0.00426900014 0.949576974 0.0899389982 0.949640989 0.0899690017 0.949576974 -0.00540299993 0.949640989 -0.00424499996 0.949640989 -0.00543399993 0.949576974 -0.00292399991 0.949640989 -0.0920300037 1.00149095 -0.0915950015 1.00292397 -0.00149900001 0.949576974 0.0899799988 0.949500024 0 0.949500024 0.00150200003 0.949500024 0.00149900001 0.949576974 -0.0919660032 0.998521984 0.00294100004 0.949576974 0.00426900014 0.949576974 -0.0908349976 0.995791018 -0.091535002 0.997101009 -0.0920300037 0.99850899 0.00149099994 0.949640989 0.00292399991 0.949640989 -0.0915950015 0.997075975 -0.0908889994 0.995755017 0.00424499996 0.949640989 0.00543399993 0.949576974 0.00540299993 0.949640989 -0.0898929983 0.994642973 -0.0899389982 0.994597018 -0.0888049975 0.949576974 -0.088744998 0.993700027 -0.0874349996 0.992999971 -0.0887809992 0.993646026 -0.0860349983 0.949576974 -0.0859989971 0.992644012 -0.0845360011 0.992422998 -0.0874760002 0.949576974 -0.0860140026 0.992569029 -0.0874599963 0.992940009 -0.0899389982 0.949640989 -0.0887809992 0.949640989 -0.0899690017 0.949576974 -0.0874599963 0.949640989 -0.086025998 0.992505014 -0.0845360011 0.992358983 -0.086025998 0.949640989 -0.0845360011 0.949640989 -0.0845360011 0.949576974 -0.0311069991 0.949576974 -0.0311069991 0.949640989 -0.0311069991 0.992422998 -0.0311069991 0.992358983 -0.0311069991 0.992422998 -0.0301699992 0.992500007 -0.0301670004 0.992422998 -0.0311069991 0.992500007 -0.0301590003 0.992358983 -0.0292639993 0.992422998 -0.0292470008 0.992358983 -0.0292220004 0.949950993 -0.0301590003 0.949734986 -0.0292470008 0.950011015 -0.0311069991 0.949576974 -0.0301460009 0.94967103 -0.0284400005 0.992500007 -0.0284310002 0.992422998 -0.027702 0.992422998 -0.028407 0.992358983 -0.027671 0.992358983 -0.0283710007 0.950406015 -0.028407 0.950460017 -0.0276250001 0.951018989 -0.027671 0.951063991 -0.0168769993 0.961767018 -0.0169229992 0.961812019 -0.0169539992 0.992422998 -0.0169229992 0.992358983 -0.0150009999 0.959891021 -0.0257489998 0.949142992 -0.014955 0.959845006 -0.0257029999 0.949096978 0.0149250003 0.992422998 0.0149140004 0.992500007 0.0256730001 0.992422998 0.0257029999 0.992358983 -0.00757700019 0.949065983 -0.00757700019 0.959814012 -0.00764100021 0.949096978 -0.00764100021 0.959845006 -0.0296279993 0.947068989 0.0296069998 0.992422998 0.0311069991 0.992422998 -0.0282070003 0.94749999 -0.0311069991 0.946859002 -0.0311069991 0.946923018 -0.0296160001 0.947004974 0.0311069991 0.992358983 -0.0281819999 0.947440028 0.0281659998 0.992422998 0.0296160001 0.992358983 0.0281819999 0.992358983 -0.0268970001 0.948199987 0.0268370006 0.992422998 0.0268610008 0.992358983 -0.0268610008 0.948145986 -0.0845360011 0.946923018 -0.0845360011 0.946859002 0.0311069991 0.992422998 0.0845360011 0.992500007 0.0845360011 0.992358983 0.0845360011 0.992422998 -0.0860349983 0.946923018 0.0859989971 0.992644012 0.0860140026 0.992569029 0.087406002 0.99307102 -0.0888049975 0.946923018 0.088744998 0.993700027 0.0874349996 0.992999971 0.0898929983 0.994642973 0.0874599963 0.992940009 0.086025998 0.992505014 -0.0845360011 0.946923018 -0.086025998 0.946859002 -0.0874599963 0.946859002 -0.0874760002 0.946923018 0.0887809992 0.993646026 0.0899389982 0.994597018 -0.0887809992 0.946859002 -0.0899690017 0.946923018 -0.0899389982 0.946859002 0.00426900014 0.946923018 0.0908349976 0.995791018 0.0908889994 0.995755017 0.00149900001 0.946923018 0.0918909982 0.998537004 0.0921119973 1 0.091535002 0.997101009 0.00294100004 0.946923018 0.0919660032 0.998521984 0.0915950015 0.997075975 0.00540299993 0.946859002 0.00424499996 0.946859002 0.00543399993 0.946923018 0.00292399991 0.946859002 0.0920300037 0.99850899 0.0921770036 1 0.00149099994 0.946859002 0 0.946859002 0 0.946923018 -0.00149900001 0.946923018 0.0919660032 1.00147796 0.091535002 1.00289905 0.0908349976 1.00420904 0.0845360011 0.946859002 0.0845360011 0.946923018 0.0860349983 0.946923018 -0.00149099994 0.946859002 0.086025998 1.00749505 0.0845360011 1.00757694 0.0845360011 1.00764096 0.0920300037 1.00149095 0.0915950015 1.00292397 0.0908889994 1.00424504 -0.00294100004 0.946923018 -0.00292399991 0.946859002 -0.00426900014 0.946923018 -0.00424499996 0.946859002 0.0898929983 1.00535703 0.0860140026 1.00743103 0.088744998 1.00629997 0.0899389982 1.00540304 0.0888049975 0.946923018 0.0874760002 0.946923018 0.0874349996 1.00699997 0.0899690017 0.946923018 0.0887809992 1.00635397 -0.00540299993 0.946859002 -0.00543399993 0.946923018 0.0899389982 0.946859002 0.0887809992 0.946859002 0.0874599963 0.946859002 0.0874599963 1.00706005 0.086025998 0.946859002 0.0311069991 0.946923018 0.0311069991 0.946859002 0.0311069991 1.00750005 0.0311069991 1.00764096 0.0311069991 1.00757694 0.0296069998 1.00757694 0.0281659998 1.00757694 0.0281819999 1.00764096 0.0296160001 1.00764096 0.0296279993 0.947068989 0.0311069991 0.946923018 0.0282070003 0.94749999 0.0281819999 0.947440028 0.0296160001 0.947004974 0.0268370006 1.00757694 0.0268610008 1.00764096 0.0256730001 1.00757694 0.0268970001 0.948199987 0.0268610008 0.948145986 0.0257029999 0.949096978 0.0257489998 0.949142992 0.0257029999 1.00764096 0.0150009999 0.959891021 0.00757700019 0.949065983 0.014955 0.959845006 0.00764100021 0.949096978 0.00757700019 0.959814012 0.00764100021 0.959845006 0.0149250003 1.00757694 0.0149140004 1.00750005 0.0808359981 0.997500002 0.0806009993 0.996933997 0.0803420022 0.996761024 0.0807750002 0.997193992 0.0800359994 0.999300003 0.0800359994 0.996699989 0.0797289982 0.999239028 0.0797289982 0.996761024 0.0792360008 0.997500002 0.0792960003 0.997193992 0.0794700012 0.996933997 0.0808359981 0.99849999 0.0806009993 0.999065995 0.0807750002 0.998806 0.0803420022 0.999239028 0.0794700012 0.999065995 0.0792360008 0.99849999 0.0792960003 0.998806 0.0798380002 1.00150001 0.0796030015 1.000934 0.0793439969 1.00076103 0.0797770023 1.001194 0.0793439969 1.00323904 0.0790380016 1.0007 0.0787310004 1.00323904 0.0787310004 1.00076103 0.078238003 1.00150001 0.0782990009 1.001194 0.0784720033 1.000934 0.0796030015 1.00306594 0.0797770023 1.00280595 0.0798380002 1.00250006 0.0790380016 1.00329995 0.0784720033 1.00306594 0.078238003 1.00250006 0.0782990009 1.00280595 </float_array>
          <technique_common>
            <accessor count="653" offset="0" source="#meshesQ0S-0-tex0-array" stride="2">
              <param name="S" type="float" />
              <param name="T" type="float" />
            </accessor>
          </technique_common>
        </source>
        <vertices id="meshesQ0S-0-vertices">
          <input semantic="POSITION" source="#meshesQ0S-0-positions" />
        </vertices>
        <polylist count="806" material="defaultMaterial">
          <input offset="0" semantic="VERTEX" source="#meshesQ0S-0-vertices" />
          <input offset="0" semantic="NORMAL" source="#meshesQ0S-0-normals" />
          <input offset="0" semantic="TEXCOORD" source="#meshesQ0S-0-tex0" set="0" />
          <vcount>3 3 3 3 3 3 3 3 3 3 3 3 3 3 3 3 3 3 3 3 3 3 3 3 3 3 3 3 3 3 3 3 3 3 3 3 3 3 3 3 3 3 3 3 3 3 3 3 3 3 3 3 3 3 3 3 3 3 3 3 3 3 3 3 3 3 3 3 3 3 3 3 3 3 3 3 3 3 3 3 3 3 3 3 3 3 3 3 3 3 3 3 3 3 3 3 3 3 3 3 3 3 3 3 3 3 3 3 3 3 3 3 3 3 3 3 3 3 3 3 3 3 3 3 3 3 3 3 3 3 3 3 3 3 3 3 3 3 3 3 3 3 3 3 3 3 3 3 3 3 3 3 3 3 3 3 3 3 3 3 3 3 3 3 3 3 3 3 3 3 3 3 3 3 3 3 3 3 3 3 3 3 3 3 3 3 3 3 3 3 3 3 3 3 3 3 3 3 3 3 3 3 3 3 3 3 3 3 3 3 3 3 3 3 3 3 3 3 3 3 3 3 3 3 3 3 3 3 3 3 3 3 3 3 3 3 3 3 3 3 3 3 3 3 3 3 3 3 3 3 3 3 3 3 3 3 3 3 3 3 3 3 3 3 3 3 3 3 3 3 3 3 3 3 3 3 3 3 3 3 3 3 3 3 3 3 3 3 3 3 3 3 3 3 3 3 3 3 3 3 3 3 3 3 3 3 3 3 3 3 3 3 3 3 3 3 3 3 3 3 3 3 3 3 3 3 3 3 3 3 3 3 3 3 3 3 3 3 3 3 3 3 3 3 3 3 3 3 3 3 3 3 3 3 3 3 3 3 3 3 3 3 3 3 3 3 3 3 3 3 3 3 3 3 3 3 3 3 3 3 3 3 3 3 3 3 3 3 3 3 3 3 3 3 3 3 3 3 3 3 3 3 3 3 3 3 3 3 3 3 3 3 3 3 3 3 3 3 3 3 3 3 3 3 3 3 3 3 3 3 3 3 3 3 3 3 3 3 3 3 3 3 3 3 3 3 3 3 3 3 3 3 3 3 3 3 3 3 3 3 3 3 3 3 3 3 3 3 3 3 3 3 3 3 3 3 3 3 3 3 3 3 3 3 3 3 3 3 3 3 3 3 3 3 3 3 3 3 3 3 3 3 3 3 3 3 3 3 3 3 3 3 3 3 3 3 3 3 3 3 3 3 3 3 3 3 3 3 3 3 3 3 3 3 3 3 3 3 3 3 3 3 3 3 3 3 3 3 3 3 3 3 3 3 3 3 3 3 3 3 3 3 3 3 3 3 3 3 3 3 3 3 3 3 3 3 3 3 3 3 3 3 3 3 3 3 3 3 3 3 3 3 3 3 3 3 3 3 3 3 3 3 3 3 3 3 3 3 3 3 3 3 3 3 3 3 3 3 3 3 3 3 3 3 3 3 3 3 3 3 3 3 3 3 3 3 3 3 3 3 3 3 3 3 3 3 3 3 3 3 3 3 3 3 3 3 3 3 3 3 3 3 3 3 3 3 3 3 3 3 3 3 3 3 3 3 3 3 3 3 3 3 3 3 3 3 3 3 3 3 3 3 3 3 3 3 3 3 3 3 3 3 3 3 3 3 3 3 3 3 3 3 3 3 3 3 3 3 3 3 3 3 3 3 3 3 3 3 3 3 3 3 3 3 3 3 3 3 3 3 3 3 3 3 3 3 3 3 3 3 3 3 3 3 3 3 3 3 3 3 3 3 3 3 3 3 3 3 3 3 3 3 3 3 3 3 3 3 3 3 3 3 3 3 3 3 3 3 3 3 3 3 3 3 3 3 3 3 3 3 3 3 3 3 3 3 </vcount>
          <p>0 1 2 3 4 5 2 6 7 8 9 10 11 12 13 14 9 8 7 10 9 12 11 15 7 6 10 2 1 6 1 16 6 8 17 18 19 20 21 22 23 19 20 24 21 25 26 27 28 29 30 31 25 27 32 33 34 35 32 36 31 27 37 38 39 40 41 36 42 20 19 43 20 43 44 45 46 47 48 26 25 49 33 35 50 51 52 32 35 33 52 51 53 54 43 19 55 54 23 56 57 23 16 23 22 58 59 60 61 57 62 63 1 64 63 16 1 23 16 56 64 65 63 64 66 67 64 67 65 66 64 68 54 19 23 69 70 71 72 69 71 73 74 49 75 76 77 74 73 77 76 78 77 79 73 80 73 49 35 74 77 81 82 68 83 83 68 64 78 84 77 81 77 84 84 85 86 87 88 85 87 82 88 89 49 74 90 91 79 86 81 84 92 93 94 34 4 13 95 96 97 98 95 99 12 100 13 101 102 103 3 11 13 104 105 103 100 12 38 101 106 107 98 108 109 109 108 110 110 111 112 113 89 74 111 114 112 115 116 117 113 118 89 109 110 112 119 114 120 106 121 107 122 123 111 111 120 114 106 101 124 125 5 4 38 105 104 120 111 123 118 126 117 116 118 117 127 128 129 30 29 130 131 93 132 13 4 3 133 81 86 88 82 83 134 135 136 64 134 136 83 64 136 137 138 139 28 138 137 132 140 141 142 143 144 145 106 124 146 147 148 147 142 148 106 145 122 149 139 138 134 150 151 134 151 152 147 146 123 150 134 153 120 123 153 147 123 122 152 135 134 153 134 120 140 143 154 86 85 88 30 130 116 28 137 29 107 102 101 105 38 40 42 46 155 55 52 53 55 53 54 156 47 157 42 158 41 36 41 159 159 35 36 70 76 75 155 46 45 44 43 157 160 161 69 162 58 163 58 60 163 80 73 35 164 165 162 165 164 91 90 79 80 75 166 70 165 91 90 167 161 168 163 164 162 161 169 62 161 160 168 62 169 170 61 23 57 170 61 62 161 167 169 69 171 160 72 171 69 70 166 71 93 92 132 94 172 92 173 126 113 127 172 94 172 127 129 128 133 129 133 128 81 139 174 124 143 140 144 140 154 141 175 176 28 148 142 144 116 115 177 177 30 116 30 177 178 118 113 126 139 149 174 174 145 124 176 138 28 131 132 141 147 122 145 179 98 180 181 182 183 184 185 182 181 186 187 121 187 186 106 187 121 183 186 181 185 183 182 103 102 104 95 188 99 96 189 97 104 100 38 4 34 33 190 31 37 158 42 155 156 157 43 45 47 156 191 24 192 193 24 191 24 193 21 16 22 6 194 14 8 195 14 194 196 194 8 18 196 8 197 14 195 14 197 48 198 48 197 48 198 199 26 48 199 190 96 31 96 190 189 97 188 95 99 180 98 179 108 98 200 108 179 201 108 200 108 201 202 203 204 205 205 206 207 206 205 208 209 210 211 212 213 210 210 213 214 208 205 215 203 209 216 203 217 204 218 203 216 218 217 203 209 219 216 220 210 214 210 220 211 211 221 209 209 221 219 205 204 215 222 223 209 203 222 209 224 225 223 222 224 223 226 227 228 229 225 224 228 229 226 228 225 229 227 226 230 230 231 227 232 233 234 235 236 237 232 234 238 239 236 235 240 241 242 240 243 241 239 244 245 239 235 244 246 247 248 249 250 248 249 251 252 253 254 255 256 254 257 258 247 259 260 258 261 262 263 256 256 257 264 246 265 247 266 267 268 268 269 266 64 270 271 64 271 134 270 272 273 270 273 271 274 275 276 273 272 277 276 277 274 277 272 274 278 279 280 281 280 279 280 282 283 280 284 285 286 287 282 285 278 280 281 279 288 287 286 289 283 282 287 290 289 286 287 289 291 287 291 292 284 280 283 293 294 295 294 293 296 297 298 293 299 300 293 298 301 302 293 295 299 303 294 296 304 302 301 301 298 297 302 304 305 306 304 301 307 306 301 297 293 300 291 308 292 309 310 311 308 309 312 292 308 312 310 313 311 311 312 309 313 314 315 313 310 314 316 317 318 319 320 321 317 319 322 318 323 316 324 322 319 321 324 319 318 317 322 316 323 325 307 326 327 328 329 330 326 328 331 327 306 307 330 331 328 332 330 329 327 326 331 329 333 332 334 335 336 337 338 339 335 337 340 336 335 340 338 320 339 339 340 337 320 338 321 334 336 341 295 303 342 295 342 343 230 226 344 345 346 347 348 343 349 344 347 346 346 230 344 349 343 342 350 301 297 351 350 352 352 297 353 352 353 354 297 352 350 351 352 355 203 356 222 357 356 358 359 356 357 222 360 361 359 360 222 359 222 356 360 357 362 363 353 297 353 364 365 366 353 363 364 353 366 354 355 352 364 295 343 295 364 366 353 365 354 365 364 343 362 367 360 367 362 368 367 368 347 360 367 229 344 229 367 369 229 344 344 367 347 365 343 348 360 229 361 360 359 357 301 370 371 301 371 307 203 205 372 358 356 372 371 370 373 372 374 358 356 203 372 373 370 351 375 218 216 328 326 376 329 328 377 378 379 207 379 205 207 380 207 381 380 381 208 307 382 326 379 378 383 382 371 373 379 383 374 384 385 386 383 378 387 387 378 380 208 388 380 380 388 389 390 376 382 376 390 391 377 391 392 382 376 326 380 389 387 390 382 373 378 207 380 307 371 382 393 375 394 395 215 396 395 388 215 204 396 215 395 396 397 398 388 395 337 399 400 401 337 400 402 204 217 204 402 396 403 404 399 402 217 218 392 405 406 388 398 389 398 395 397 407 408 404 377 406 329 406 377 392 404 409 407 409 404 403 410 400 408 377 376 391 393 411 402 393 402 218 402 411 412 412 397 396 410 413 400 413 410 386 413 386 385 400 413 401 394 411 393 400 404 408 412 396 402 404 400 399 393 218 375 388 208 215 329 406 414 376 377 328 385 415 413 415 401 413 416 415 417 216 219 375 418 375 219 318 322 419 323 318 420 421 221 211 219 221 422 416 417 322 421 211 220 394 418 423 418 394 375 385 424 417 424 385 384 424 425 419 385 417 415 422 426 418 421 427 422 421 422 221 422 427 426 426 423 418 425 420 419 420 425 428 429 428 430 419 420 318 421 431 432 419 417 424 418 219 422 417 419 322 431 421 220 311 313 433 220 434 431 220 214 434 214 435 434 431 434 436 292 312 437 435 213 438 439 438 210 214 213 435 311 440 312 441 438 439 431 436 432 434 435 442 434 442 436 443 444 433 443 433 445 444 446 440 444 440 433 445 433 313 441 447 435 429 420 428 439 447 441 447 439 448 449 450 437 437 446 449 437 440 446 437 450 451 437 451 292 440 437 312 442 435 447 435 438 441 433 440 311 432 427 421 315 445 313 420 429 323 292 451 287 451 452 287 452 451 450 452 450 453 439 210 454 439 454 455 454 210 209 439 455 448 456 457 458 457 456 459 456 458 460 458 461 462 457 461 458 463 464 465 456 460 455 466 453 467 287 466 283 283 463 284 467 463 283 467 283 466 453 464 467 225 461 457 461 468 469 468 461 225 469 468 470 471 461 469 227 470 468 470 472 469 471 469 472 463 473 285 473 465 474 463 285 284 463 467 464 474 475 473 475 474 476 473 278 285 278 473 475 473 463 465 462 461 471 462 460 458 278 475 477 477 288 278 478 477 475 475 476 478 472 470 479 470 231 479 231 470 227 472 479 480 281 481 280 481 482 280 482 481 483 482 483 484 485 486 487 487 488 485 269 489 266 490 491 492 289 290 493 272 270 494 64 495 270 493 290 496 497 498 499 495 500 494 493 499 498 501 493 496 502 503 504 503 494 500 498 289 493 270 495 494 286 496 290 286 282 496 505 496 282 280 482 282 274 506 275 505 282 482 504 507 506 508 496 505 501 496 508 502 494 503 507 488 487 484 508 505 274 502 506 487 506 507 506 502 504 505 482 484 272 494 502 501 499 493 272 502 274 275 506 487 289 498 509 289 509 291 498 497 510 498 510 509 511 64 512 513 500 514 512 514 511 514 500 511 308 291 515 1 516 517 518 517 516 1 517 514 310 309 519 520 521 518 521 517 518 7 520 518 7 9 522 308 515 309 517 521 523 514 524 513 514 517 524 510 515 525 515 510 526 525 515 291 527 528 526 523 521 529 523 524 517 522 520 7 520 522 530 527 519 528 519 527 531 532 531 533 528 519 309 520 530 529 528 515 526 529 521 520 515 528 309 9 14 522 316 325 534 535 14 48 535 522 14 316 534 317 535 536 522 320 319 537 538 31 539 48 538 540 48 540 535 317 541 319 542 538 539 536 530 522 535 540 543 535 543 536 544 545 534 544 534 546 545 547 541 545 541 534 546 534 325 542 548 540 532 519 531 542 549 548 549 542 539 550 551 552 537 547 550 537 541 547 537 550 552 537 552 320 541 537 319 543 540 548 540 538 542 534 541 317 310 532 314 519 532 310 539 31 96 340 339 553 554 96 555 95 555 96 96 554 539 95 98 556 320 553 339 539 554 549 557 558 559 551 560 552 561 562 563 564 554 565 564 549 554 556 555 95 555 556 566 560 567 553 567 560 568 569 568 570 553 567 340 555 566 565 560 553 552 565 554 555 320 552 553 98 571 556 562 572 120 341 336 569 109 112 571 571 112 573 571 98 109 571 574 556 331 330 575 327 331 576 114 577 112 577 573 112 572 114 119 558 306 559 332 578 330 571 573 579 570 580 581 556 574 566 574 571 579 582 583 575 569 581 341 581 569 570 575 578 582 578 575 330 584 576 583 569 567 568 572 561 577 572 577 114 577 561 585 585 579 573 584 559 576 559 584 586 586 557 559 576 559 327 561 572 562 576 575 583 585 573 577 575 576 331 119 120 572 340 569 336 567 569 340 327 559 306 306 558 587 306 587 304 558 557 588 558 588 587 562 120 589 590 563 591 589 591 562 591 563 562 591 134 271 590 591 592 271 273 592 592 593 594 271 592 591 590 592 595 304 596 305 596 304 597 305 596 598 599 598 600 305 598 302 600 596 597 597 588 600 593 592 273 593 601 602 277 593 273 601 593 277 594 595 592 601 276 603 276 601 277 593 602 594 602 601 603 298 598 604 604 599 605 598 599 604 598 298 302 604 606 607 606 604 605 293 298 607 607 298 604 602 603 608 598 596 600 609 296 293 293 607 609 268 267 610 607 606 611 612 613 614 615 608 603 615 603 616 607 611 609 617 618 619 618 617 620 621 619 622 623 624 625 626 625 627 624 627 625 622 624 621 617 619 628 629 630 628 628 631 629 619 621 631 632 633 634 632 623 633 623 625 633 624 623 621 631 628 619 635 636 637 636 635 638 639 637 640 641 642 643 644 643 645 642 645 643 640 642 641 635 637 639 646 647 648 648 639 646 640 649 639 650 651 652 650 641 651 641 643 651 640 641 649 639 648 635 </p>
        </polylist>
      </mesh>
    </geometry>
    <geometry id="meshesQ0S-1" name="meshes[0]-1" >
      <mesh>
        <source id="meshesQ0S-1-positions" name="meshesQ0S-1-positions">
          <float_array id="meshesQ0S-1-positions-array" count="1548"> 0.0157069992 0.00249999994 -0.0812830031 0.0157069992 0.00150000001 -0.0812830031 0.0158070009 0.00150000001 -0.0812830031 0.0158070009 0.00249999994 -0.0812830031 0.0158070009 0.000792999985 -0.0795760006 0.0157069992 0.000792999985 -0.0795760006 0.0157069992 0.00111700001 -0.0793590024 0.0158070009 0.00111700001 -0.0793590024 0.0157069992 0.00150000001 -0.079282999 0.0158070009 0.00150000001 -0.079282999 0.0158070009 0.000792999985 -0.0795760006 0.0158070009 0.00057600002 -0.0798999965 0.0157069992 0.000792999985 -0.0795760006 0.0157069992 0.00057600002 -0.0798999965 0.0158070009 0.00111700001 -0.0812069997 0.0158070009 0.00057600002 -0.0806659982 0.0157069992 0.00057600002 -0.0806659982 0.0157069992 0.000500000024 -0.0802830011 0.0157069992 0.00111700001 -0.0812069997 0.0157069992 0.000792999985 -0.0809900016 0.0158070009 0.000792999985 -0.0809900016 0.0157069992 0.000792999985 -0.0809900016 0.0158070009 0.000500000024 -0.0802830011 0.0158070009 0.000792999985 -0.0809900016 0.0157069992 0.00249999994 -0.079282999 0.0158070009 0.00249999994 -0.079282999 0.0157069992 0.00119400001 -0.0795440003 0.0157069992 0.000934000011 -0.0797170028 0.0158070009 0.000934000011 -0.0797170028 0.0157069992 0.00150000001 -0.0794830024 0.0158070009 0.00119400001 -0.0795440003 0.0158070009 0.00150000001 -0.0794830024 0.0157069992 0.000934000011 -0.0797170028 0.0158070009 0.000760999974 -0.0799769983 0.0158070009 0.000934000011 -0.0797170028 0.0157069992 0.000760999974 -0.0799769983 0.0157069992 0.00150000001 -0.0810829997 0.0158070009 0.00150000001 -0.0810829997 0.0158070009 0.00119400001 -0.0810220018 0.0157069992 0.000699999975 -0.0802830011 0.0157069992 0.000760999974 -0.0805889964 0.0158070009 0.000760999974 -0.0805889964 0.0157069992 0.000934000011 -0.0808489993 0.0157069992 0.00119400001 -0.0810220018 0.0157069992 0.000934000011 -0.0808489993 0.0158070009 0.000934000011 -0.0808489993 0.0158070009 0.000699999975 -0.0802830011 0.0158070009 0.000934000011 -0.0808489993 0.0157069992 0.00249999994 -0.0810829997 0.0158070009 0.00249999994 -0.0810829997 0.0157069992 0.00280599995 -0.0810220018 0.0158070009 0.00280599995 -0.0810220018 0.0157069992 0.00306600006 -0.0808489993 0.0157069992 0.00323899998 -0.0805889964 0.0158070009 0.00323899998 -0.0805889964 0.0157069992 0.00306600006 -0.0808489993 0.0158070009 0.00306600006 -0.0808489993 0.0158070009 0.00306600006 -0.0808489993 0.0158070009 0.00329999998 -0.0802830011 0.0157069992 0.00329999998 -0.0802830011 0.0157069992 0.00323899998 -0.0799769983 0.0157069992 0.00306600006 -0.0797170028 0.0158070009 0.00306600006 -0.0797170028 0.0157069992 0.00280599995 -0.0795440003 0.0157069992 0.00249999994 -0.0794830024 0.0158070009 0.00249999994 -0.0794830024 0.0157069992 0.00306600006 -0.0797170028 0.0158070009 0.00280599995 -0.0795440003 0.0158070009 0.00323899998 -0.0799769983 0.0158070009 0.00306600006 -0.0797170028 0.0158070009 0.00288300007 -0.0812069997 0.0157069992 0.00288300007 -0.0812069997 0.0158070009 0.00342399999 -0.0806659982 0.0157069992 0.00342399999 -0.0806659982 0.0157069992 0.00320699997 -0.0809900016 0.0158070009 0.00320699997 -0.0809900016 0.0157069992 0.00320699997 -0.0809900016 0.0158070009 0.00320699997 -0.0809900016 0.0158070009 0.00350000011 -0.0802830011 0.0157069992 0.00350000011 -0.0802830011 0.0158070009 0.00320699997 -0.0795760006 0.0157069992 0.00320699997 -0.0795760006 0.0157069992 0.00342399999 -0.0798999965 0.0157069992 0.00288300007 -0.0793590024 0.0158070009 0.00288300007 -0.0793590024 0.0157069992 0.00320699997 -0.0795760006 0.0158070009 0.00342399999 -0.0798999965 0.0158070009 0.00320699997 -0.0795760006 0.0157069992 0.00111700001 -0.0793590024 0.0157069992 0.000792999985 -0.0795760006 0.0157069992 0.00119400001 -0.0795440003 0.0157069992 0.00150000001 -0.0794830024 0.0157069992 0.00150000001 -0.079282999 0.0157069992 0.000934000011 -0.0797170028 0.0157069992 0.00057600002 -0.0798999965 0.0157069992 0.000500000024 -0.0802830011 0.0157069992 0.000760999974 -0.0799769983 0.0157069992 0.000699999975 -0.0802830011 0.0157069992 0.000760999974 -0.0805889964 0.0157069992 0.00249999994 -0.0794830024 0.0157069992 0.00249999994 -0.079282999 0.0157069992 0.00288300007 -0.0793590024 0.0157069992 0.00280599995 -0.0795440003 0.0157069992 0.00306600006 -0.0797170028 0.0157069992 0.00320699997 -0.0795760006 0.0157069992 0.00342399999 -0.0798999965 0.0157069992 0.00323899998 -0.0799769983 0.0157069992 0.00350000011 -0.0802830011 0.0157069992 0.00057600002 -0.0806659982 0.0157069992 0.000934000011 -0.0808489993 0.0157069992 0.000792999985 -0.0809900016 0.0157069992 0.00119400001 -0.0810220018 0.0157069992 0.00111700001 -0.0812069997 0.0157069992 0.00150000001 -0.0810829997 0.0157069992 0.00150000001 -0.0812830031 0.0157069992 0.00249999994 -0.0812830031 0.0157069992 0.00249999994 -0.0810829997 0.0157069992 0.00329999998 -0.0802830011 0.0157069992 0.00323899998 -0.0805889964 0.0157069992 0.00342399999 -0.0806659982 0.0157069992 0.00306600006 -0.0808489993 0.0157069992 0.00288300007 -0.0812069997 0.0157069992 0.00280599995 -0.0810220018 0.0157069992 0.00320699997 -0.0809900016 0.0157069992 -0.00350000011 -0.0832339972 0.0157069992 -0.00350000011 -0.0830340013 0.0158070009 -0.00350000011 -0.0830340013 0.0158070009 -0.00350000011 -0.0832339972 0.0158070009 -0.00350000011 -0.0830340013 0.0157069992 -0.00350000011 -0.0830340013 0.0157069992 -0.000500000024 -0.0830340013 0.0158070009 -0.000500000024 -0.0830340013 0.0157069992 -0.000500000024 -0.0830340013 0.0157069992 -0.000500000024 -0.0847830027 0.0158070009 -0.000500000024 -0.0847830027 0.0158070009 -0.000500000024 -0.0830340013 0.0157069992 -0.000699999975 -0.0847830027 0.0158070009 -0.000699999975 -0.0847830027 0.0158070009 -0.000500000024 -0.0847830027 0.0157069992 -0.000500000024 -0.0847830027 0.0157069992 -0.000699999975 -0.0847830027 0.0157069992 -0.000699999975 -0.0832339972 0.0158070009 -0.000699999975 -0.0832339972 0.0158070009 -0.000699999975 -0.0847830027 0.0157069992 -0.00200000009 -0.0832339972 0.0158070009 -0.00200000009 -0.0832339972 0.0158070009 -0.000699999975 -0.0832339972 0.0157069992 -0.000699999975 -0.0832339972 0.0157069992 -0.00200000009 -0.0832339972 0.0157069992 -0.00200000009 -0.0843809992 0.0158070009 -0.00200000009 -0.0843809992 0.0158070009 -0.00200000009 -0.0832339972 0.0157069992 -0.00219999999 -0.0843809992 0.0158070009 -0.00219999999 -0.0843809992 0.0158070009 -0.00200000009 -0.0843809992 0.0157069992 -0.00200000009 -0.0843809992 0.0157069992 -0.00219999999 -0.0843809992 0.0157069992 -0.00219999999 -0.0832339972 0.0158070009 -0.00219999999 -0.0832339972 0.0158070009 -0.00219999999 -0.0843809992 0.0157069992 -0.00350000011 -0.0832339972 0.0158070009 -0.00350000011 -0.0832339972 0.0158070009 -0.00219999999 -0.0832339972 0.0157069992 -0.00219999999 -0.0832339972 0.0157069992 -0.00350000011 -0.0830340013 0.0157069992 -0.00350000011 -0.0832339972 0.0157069992 -0.00219999999 -0.0832339972 0.0157069992 -0.00200000009 -0.0832339972 0.0157069992 -0.000500000024 -0.0830340013 0.0157069992 -0.00219999999 -0.0843809992 0.0157069992 -0.00200000009 -0.0843809992 0.0157069992 -0.000699999975 -0.0832339972 0.0157069992 -0.000699999975 -0.0847830027 0.0157069992 -0.000500000024 -0.0847830027 0.0158070009 0.00350000011 -0.0835829973 0.0158070009 0.00109999999 -0.0835829973 0.0157069992 0.00109999999 -0.0835829973 0.0157069992 0.00350000011 -0.0835829973 0.0158070009 0.00350000011 -0.0835829973 0.0157069992 0.00350000011 -0.0835829973 0.0157069992 0.00350000011 -0.0837830007 0.0158070009 0.00350000011 -0.0837830007 0.0157069992 0.00350000011 -0.0837830007 0.0157069992 0.000500000024 -0.0837830007 0.0158070009 0.000500000024 -0.0837830007 0.0158070009 0.00350000011 -0.0837830007 0.0158070009 0.000500000024 -0.0837830007 0.0157069992 0.00289999996 -0.081983 0.0158070009 0.00289999996 -0.081983 0.0157069992 0.000500000024 -0.0837830007 0.0157069992 0.00289999996 -0.081983 0.0157069992 0.000500000024 -0.081983 0.0158070009 0.000500000024 -0.081983 0.0158070009 0.00289999996 -0.081983 0.0158070009 0.000500000024 -0.081983 0.0157069992 0.000500000024 -0.081983 0.0157069992 0.000500000024 -0.0817829967 0.0158070009 0.000500000024 -0.0817829967 0.0158070009 0.000500000024 -0.0817829967 0.0157069992 0.000500000024 -0.0817829967 0.0157069992 0.00350000011 -0.0817829967 0.0158070009 0.00350000011 -0.0817829967 0.0157069992 0.00350000011 -0.0817829967 0.0157069992 0.00109999999 -0.0835829973 0.0158070009 0.00109999999 -0.0835829973 0.0158070009 0.00350000011 -0.0817829967 0.0157069992 0.000500000024 -0.0817829967 0.0157069992 0.000500000024 -0.081983 0.0157069992 0.00289999996 -0.081983 0.0157069992 0.00230000005 -0.0824330002 0.0157069992 0.00170000002 -0.0828830004 0.0157069992 0.00230000005 -0.082682997 0.0157069992 0.00289999996 -0.0822329968 0.0157069992 0.00350000011 -0.0817829967 0.0157069992 0.00109999999 -0.0835829973 0.0157069992 0.000500000024 -0.0837830007 0.0157069992 0.00350000011 -0.0837830007 0.0157069992 0.00109999999 -0.0833330005 0.0157069992 0.00350000011 -0.0835829973 0.0158070009 -0.000500000024 -0.0807849988 0.0158070009 -0.00350000011 -0.0807849988 0.0157069992 -0.00350000011 -0.0807849988 0.0157069992 -0.000500000024 -0.0807849988 0.0158070009 -0.000500000024 -0.0807849988 0.0157069992 -0.000500000024 -0.0807849988 0.0158070009 -0.000500000024 -0.0825340003 0.0157069992 -0.000500000024 -0.0825340003 0.0157069992 -0.000500000024 -0.0825340003 0.0157069992 -0.000699999975 -0.0825340003 0.0158070009 -0.000699999975 -0.0825340003 0.0158070009 -0.000500000024 -0.0825340003 0.0158070009 -0.000699999975 -0.0825340003 0.0157069992 -0.000699999975 -0.0825340003 0.0157069992 -0.000699999975 -0.0809850022 0.0158070009 -0.000699999975 -0.0809850022 0.0157069992 -0.00200000009 -0.0809850022 0.0158070009 -0.00200000009 -0.0809850022 0.0158070009 -0.000699999975 -0.0809850022 0.0157069992 -0.000699999975 -0.0809850022 0.0157069992 -0.00200000009 -0.0809850022 0.0157069992 -0.00200000009 -0.0821319968 0.0158070009 -0.00200000009 -0.0821319968 0.0158070009 -0.00200000009 -0.0809850022 0.0157069992 -0.00219999999 -0.0821319968 0.0158070009 -0.00219999999 -0.0821319968 0.0158070009 -0.00200000009 -0.0821319968 0.0157069992 -0.00200000009 -0.0821319968 0.0157069992 -0.00219999999 -0.0821319968 0.0157069992 -0.00219999999 -0.0809850022 0.0158070009 -0.00219999999 -0.0809850022 0.0158070009 -0.00219999999 -0.0821319968 0.0157069992 -0.00350000011 -0.0809850022 0.0158070009 -0.00350000011 -0.0809850022 0.0158070009 -0.00219999999 -0.0809850022 0.0157069992 -0.00219999999 -0.0809850022 0.0158070009 -0.00350000011 -0.0809850022 0.0157069992 -0.00350000011 -0.0809850022 0.0157069992 -0.00350000011 -0.0807849988 0.0158070009 -0.00350000011 -0.0807849988 0.0157069992 -0.00350000011 -0.0807849988 0.0157069992 -0.00350000011 -0.0809850022 0.0157069992 -0.00219999999 -0.0809850022 0.0157069992 -0.00200000009 -0.0809850022 0.0157069992 -0.000500000024 -0.0807849988 0.0157069992 -0.00219999999 -0.0821319968 0.0157069992 -0.00200000009 -0.0821319968 0.0157069992 -0.000699999975 -0.0809850022 0.0157069992 -0.000699999975 -0.0825340003 0.0157069992 -0.000500000024 -0.0825340003 0.0157069992 -0.00150000001 -0.0802849978 0.0157069992 -0.00249999994 -0.0802849978 0.0158070009 -0.00249999994 -0.0802849978 0.0158070009 -0.00150000001 -0.0802849978 0.0158070009 -0.00320699997 -0.0785780028 0.0157069992 -0.00320699997 -0.0785780028 0.0157069992 -0.00288300007 -0.0783609971 0.0158070009 -0.00288300007 -0.0783609971 0.0157069992 -0.00249999994 -0.0782850012 0.0158070009 -0.00249999994 -0.0782850012 0.0158070009 -0.00320699997 -0.0785780028 0.0158070009 -0.00342399999 -0.0789019987 0.0157069992 -0.00320699997 -0.0785780028 0.0157069992 -0.00342399999 -0.0789019987 0.0158070009 -0.00288300007 -0.0802090019 0.0158070009 -0.00342399999 -0.0796680003 0.0157069992 -0.00342399999 -0.0796680003 0.0157069992 -0.00350000011 -0.0792850032 0.0157069992 -0.00288300007 -0.0802090019 0.0157069992 -0.00320699997 -0.0799919963 0.0158070009 -0.00320699997 -0.0799919963 0.0157069992 -0.00320699997 -0.0799919963 0.0158070009 -0.00350000011 -0.0792850032 0.0158070009 -0.00320699997 -0.0799919963 0.0158070009 -0.00249999994 -0.0782850012 0.0157069992 -0.00249999994 -0.0782850012 0.0157069992 -0.00150000001 -0.0782850012 0.0158070009 -0.00150000001 -0.0782850012 0.0157069992 -0.00280599995 -0.0785460025 0.0157069992 -0.00306600006 -0.0787189975 0.0158070009 -0.00306600006 -0.0787189975 0.0157069992 -0.00249999994 -0.0784849972 0.0158070009 -0.00280599995 -0.0785460025 0.0158070009 -0.00249999994 -0.0784849972 0.0157069992 -0.00306600006 -0.0787189975 0.0158070009 -0.00323899998 -0.0789790004 0.0158070009 -0.00306600006 -0.0787189975 0.0157069992 -0.00323899998 -0.0789790004 0.0157069992 -0.00249999994 -0.0800850019 0.0158070009 -0.00249999994 -0.0800850019 0.0158070009 -0.00280599995 -0.0800239965 0.0157069992 -0.00329999998 -0.0792850032 0.0157069992 -0.00323899998 -0.0795909986 0.0158070009 -0.00323899998 -0.0795909986 0.0157069992 -0.00306600006 -0.0798510015 0.0157069992 -0.00280599995 -0.0800239965 0.0157069992 -0.00306600006 -0.0798510015 0.0158070009 -0.00306600006 -0.0798510015 0.0158070009 -0.00329999998 -0.0792850032 0.0158070009 -0.00306600006 -0.0798510015 0.0157069992 -0.00150000001 -0.0800850019 0.0158070009 -0.00150000001 -0.0800850019 0.0157069992 -0.00119400001 -0.0800239965 0.0158070009 -0.00119400001 -0.0800239965 0.0157069992 -0.000934000011 -0.0798510015 0.0157069992 -0.000760999974 -0.0795909986 0.0158070009 -0.000760999974 -0.0795909986 0.0157069992 -0.000934000011 -0.0798510015 0.0158070009 -0.000934000011 -0.0798510015 0.0158070009 -0.000934000011 -0.0798510015 0.0158070009 -0.000699999975 -0.0792850032 0.0157069992 -0.000699999975 -0.0792850032 0.0157069992 -0.000760999974 -0.0789790004 0.0157069992 -0.000934000011 -0.0787189975 0.0158070009 -0.000934000011 -0.0787189975 0.0157069992 -0.00119400001 -0.0785460025 0.0157069992 -0.00150000001 -0.0784849972 0.0158070009 -0.00150000001 -0.0784849972 0.0157069992 -0.000934000011 -0.0787189975 0.0158070009 -0.00119400001 -0.0785460025 0.0158070009 -0.000760999974 -0.0789790004 0.0158070009 -0.000934000011 -0.0787189975 0.0158070009 -0.00111700001 -0.0802090019 0.0157069992 -0.00111700001 -0.0802090019 0.0158070009 -0.00057600002 -0.0796680003 0.0157069992 -0.00057600002 -0.0796680003 0.0157069992 -0.000792999985 -0.0799919963 0.0158070009 -0.000792999985 -0.0799919963 0.0157069992 -0.000792999985 -0.0799919963 0.0158070009 -0.000792999985 -0.0799919963 0.0158070009 -0.000500000024 -0.0792850032 0.0157069992 -0.000500000024 -0.0792850032 0.0158070009 -0.000792999985 -0.0785780028 0.0157069992 -0.000792999985 -0.0785780028 0.0157069992 -0.00057600002 -0.0789019987 0.0157069992 -0.00111700001 -0.0783609971 0.0158070009 -0.00111700001 -0.0783609971 0.0157069992 -0.000792999985 -0.0785780028 0.0158070009 -0.00057600002 -0.0789019987 0.0158070009 -0.000792999985 -0.0785780028 0.0157069992 -0.00288300007 -0.0783609971 0.0157069992 -0.00320699997 -0.0785780028 0.0157069992 -0.00280599995 -0.0785460025 0.0157069992 -0.00249999994 -0.0784849972 0.0157069992 -0.00249999994 -0.0782850012 0.0157069992 -0.00306600006 -0.0787189975 0.0157069992 -0.00342399999 -0.0789019987 0.0157069992 -0.00350000011 -0.0792850032 0.0157069992 -0.00323899998 -0.0789790004 0.0157069992 -0.00329999998 -0.0792850032 0.0157069992 -0.00323899998 -0.0795909986 0.0157069992 -0.00150000001 -0.0784849972 0.0157069992 -0.00150000001 -0.0782850012 0.0157069992 -0.00111700001 -0.0783609971 0.0157069992 -0.00119400001 -0.0785460025 0.0157069992 -0.000934000011 -0.0787189975 0.0157069992 -0.000792999985 -0.0785780028 0.0157069992 -0.00057600002 -0.0789019987 0.0157069992 -0.000760999974 -0.0789790004 0.0157069992 -0.000500000024 -0.0792850032 0.0157069992 -0.00342399999 -0.0796680003 0.0157069992 -0.00306600006 -0.0798510015 0.0157069992 -0.00320699997 -0.0799919963 0.0157069992 -0.00280599995 -0.0800239965 0.0157069992 -0.00288300007 -0.0802090019 0.0157069992 -0.00249999994 -0.0800850019 0.0157069992 -0.00249999994 -0.0802849978 0.0157069992 -0.00150000001 -0.0802849978 0.0157069992 -0.00150000001 -0.0800850019 0.0157069992 -0.000699999975 -0.0792850032 0.0157069992 -0.000760999974 -0.0795909986 0.0157069992 -0.00057600002 -0.0796680003 0.0157069992 -0.000934000011 -0.0798510015 0.0157069992 -0.00111700001 -0.0802090019 0.0157069992 -0.00119400001 -0.0800239965 0.0157069992 -0.000792999985 -0.0799919963 0.0158070009 -0.00499900011 -0.0855289996 0.0157069992 -0.00499900011 -0.0855289996 0.0158070009 -0.00494599994 -0.0861890018 0.0157069992 -0.00494599994 -0.0861890018 0.0158070009 -0.00494599994 -0.0861890018 0.0157069992 -0.00494599994 -0.0861890018 0.0158070009 -0.00514499983 -0.0862049982 0.0157069992 -0.00514499983 -0.0862049982 0.0158070009 -0.00514499983 -0.0862049982 0.0157069992 -0.00522499997 -0.0852079988 0.0158070009 -0.00522499997 -0.0852079988 0.0157069992 -0.00514499983 -0.0862049982 0.0158070009 -0.00522499997 -0.0852079988 0.0157069992 -0.00522499997 -0.0852079988 0.0157069992 -0.00422899984 -0.0851270035 0.0158070009 -0.00422899984 -0.0851270035 0.0158070009 -0.00422899984 -0.0851270035 0.0157069992 -0.00422899984 -0.0851270035 0.0158070009 -0.00421300018 -0.0853269994 0.0157069992 -0.00421300018 -0.0853269994 0.0158070009 -0.00421300018 -0.0853269994 0.0157069992 -0.00421300018 -0.0853269994 0.0158070009 -0.00486500002 -0.0853800029 0.0157069992 -0.00486500002 -0.0853800029 0.0157069992 -0 -0.087082997 0.0157069992 0.00130700006 -0.0869729966 0.0158070009 0.00130700006 -0.0869729966 0.0157069992 0.00257700006 -0.0866449997 0.0157069992 0.00377500011 -0.0861089975 0.0158070009 0.00377500011 -0.0861089975 0.0158070009 0.00257700006 -0.0866449997 0.0158070009 -0 -0.087082997 0.0158070009 0.00486500002 -0.0853800029 0.0157069992 0.00486500002 -0.0853800029 0.0158070009 -0.00130700006 -0.0869729966 0.0157069992 -0.00486500002 -0.0853800029 0.0157069992 -0.00377500011 -0.0861089975 0.0158070009 -0.00377500011 -0.0861089975 0.0157069992 -0.00257700006 -0.0866449997 0.0157069992 -0.00130700006 -0.0869729966 0.0158070009 -0.00257700006 -0.0866449997 0.0158070009 -0.00486500002 -0.0853800029 0.0158070009 0.00486500002 -0.0853800029 0.0157069992 0.00421300018 -0.0853269994 0.0158070009 0.00421300018 -0.0853269994 0.0157069992 0.00486500002 -0.0853800029 0.0158070009 0.00421300018 -0.0853269994 0.0157069992 0.00422899984 -0.0851270035 0.0158070009 0.00422899984 -0.0851270035 0.0157069992 0.00421300018 -0.0853269994 0.0157069992 0.00422899984 -0.0851270035 0.0157069992 0.00522499997 -0.0852079988 0.0158070009 0.00522499997 -0.0852079988 0.0158070009 0.00422899984 -0.0851270035 0.0158070009 0.00522499997 -0.0852079988 0.0157069992 0.00522499997 -0.0852079988 0.0158070009 0.00514499983 -0.0862049982 0.0157069992 0.00514499983 -0.0862049982 0.0158070009 0.00514499983 -0.0862049982 0.0157069992 0.00494599994 -0.0861890018 0.0158070009 0.00494599994 -0.0861890018 0.0157069992 0.00514499983 -0.0862049982 0.0158070009 0.00494599994 -0.0861890018 0.0157069992 0.00499900011 -0.0855289996 0.0158070009 0.00499900011 -0.0855289996 0.0157069992 0.00494599994 -0.0861890018 0.0158070009 0.00134299998 -0.087168999 0.0157069992 0.00134299998 -0.087168999 0.0157069992 -0 -0.0872830003 0.0158070009 0.00387899997 -0.0862800032 0.0157069992 0.00387899997 -0.0862800032 0.0157069992 0.00264899991 -0.0868320018 0.0158070009 0.00264899991 -0.0868320018 0.0158070009 -0 -0.0872830003 0.0158070009 0.00499900011 -0.0855289996 0.0157069992 0.00499900011 -0.0855289996 0.0158070009 -0.00134299998 -0.087168999 0.0158070009 -0.00387899997 -0.0862800032 0.0157069992 -0.00387899997 -0.0862800032 0.0157069992 -0.00499900011 -0.0855289996 0.0157069992 -0.00134299998 -0.087168999 0.0157069992 -0.00264899991 -0.0868320018 0.0158070009 -0.00264899991 -0.0868320018 0.0158070009 -0.00499900011 -0.0855289996 0.0157069992 -0.00422899984 -0.0851270035 0.0157069992 -0.00522499997 -0.0852079988 0.0157069992 -0.00421300018 -0.0853269994 0.0157069992 0.00522499997 -0.0852079988 0.0157069992 0.00497200014 -0.0858590007 0.0157069992 0.00514499983 -0.0862049982 0.0157069992 -0.00486500002 -0.0853800029 0.0157069992 -0.00514499983 -0.0862049982 0.0157069992 -0.00494599994 -0.0861890018 0.0157069992 -0.00499900011 -0.0855289996 0.0157069992 -0.00459299982 -0.0855619982 0.0157069992 -0.00443900004 -0.0859040022 0.0157069992 -0.00431999983 -0.085744001 0.0157069992 0.00422899984 -0.0851270035 0.0157069992 0.00421300018 -0.0853269994 0.0157069992 0.00486500002 -0.0853800029 0.0157069992 0.00499900011 -0.0855289996 0.0157069992 0.00494599994 -0.0861890018 0.0157069992 -0.00415899977 -0.0860920027 0.0157069992 -0.00387899997 -0.0862800032 0.0157069992 -0.00377500011 -0.0861089975 0.0157069992 -0.00264899991 -0.0868320018 0.0157069992 -0.00257700006 -0.0866449997 0.0157069992 -0.00134299998 -0.087168999 0.0157069992 -0.00130700006 -0.0869729966 0.0157069992 -0 -0.087082997 0.0157069992 0.00443900004 -0.0859040022 0.0157069992 0.00377500011 -0.0861089975 0.0157069992 0.00415899977 -0.0860920027 0.0157069992 -0 -0.0872830003 0.0157069992 0.00257700006 -0.0866449997 0.0157069992 0.00387899997 -0.0862800032 0.0157069992 0.00264899991 -0.0868320018 0.0157069992 0.00130700006 -0.0869729966 0.0157069992 0.00134299998 -0.087168999 0.0157069992 0.00431999983 -0.085744001 0.0157069992 0.00459299982 -0.0855619982 </float_array>
          <technique_common>
            <accessor count="516" offset="0" source="#meshesQ0S-1-positions-array" stride="3">
              <param name="X" type="float" />
              <param name="Y" type="float" />
              <param name="Z" type="float" />
            </accessor>
          </technique_common>
        </source>
        <source id="meshesQ0S-1-normals" name="meshesQ0S-1-normals">
          <float_array id="meshesQ0S-1-normals-array" count="1548"> -0 -0 1 -0 -0 1 -0 -0 1 -0 -0 1 -0 0.707099974 -0.707099974 -0 0.707099974 -0.707099974 -0 0.382699996 -0.923900008 -0 0.382699996 -0.923900008 -0 -0 -1 -0 -0 -1 -0 0.707099974 -0.707099974 -0 0.923900008 -0.382699996 -0 0.707099974 -0.707099974 -0 0.923900008 -0.382699996 -0 0.382699996 0.923900008 -0 0.923900008 0.382699996 -0 0.923900008 0.382699996 -0 1 -0 -0 0.382699996 0.923900008 -0 0.707099974 0.707099974 -0 0.707099974 0.707099974 -0 0.707099974 0.707099974 -0 1 -0 -0 0.707099974 0.707099974 -0 -0 -1 -0 -0 -1 -0 -0.382699996 0.923900008 -0 -0.707099974 0.707099974 -0 -0.707099974 0.707099974 -0 -0 1 -0 -0.382699996 0.923900008 -0 -0 1 -0 -0.707099974 0.707099974 -0 -0.923900008 0.382699996 -0 -0.707099974 0.707099974 -0 -0.923900008 0.382699996 -0 -0 -1 -0 -0 -1 -0 -0.382699996 -0.923900008 -0 -1 -0 -0 -0.923900008 -0.382699996 -0 -0.923900008 -0.382699996 -0 -0.707099974 -0.707099974 -0 -0.382699996 -0.923900008 -0 -0.707099974 -0.707099974 -0 -0.707099974 -0.707099974 -0 -1 -0 -0 -0.707099974 -0.707099974 -0 -0 -1 -0 -0 -1 -0 0.382699996 -0.923900008 -0 0.382699996 -0.923900008 -0 0.707099974 -0.707099974 -0 0.923900008 -0.382699996 -0 0.923900008 -0.382699996 -0 0.707099974 -0.707099974 -0 0.707099974 -0.707099974 -0 0.707099974 -0.707099974 -0 1 -0 -0 1 -0 -0 0.923900008 0.382699996 -0 0.707099974 0.707099974 -0 0.707099974 0.707099974 -0 0.382699996 0.923900008 -0 -0 1 -0 -0 1 -0 0.707099974 0.707099974 -0 0.382699996 0.923900008 -0 0.923900008 0.382699996 -0 0.707099974 0.707099974 -0 -0.382699996 0.923900008 -0 -0.382699996 0.923900008 -0 -0.923900008 0.382699996 -0 -0.923900008 0.382699996 -0 -0.707099974 0.707099974 -0 -0.707099974 0.707099974 -0 -0.707099974 0.707099974 -0 -0.707099974 0.707099974 -0 -1 -0 -0 -1 -0 -0 -0.707099974 -0.707099974 -0 -0.707099974 -0.707099974 -0 -0.923900008 -0.382699996 -0 -0.382699996 -0.923900008 -0 -0.382699996 -0.923900008 -0 -0.707099974 -0.707099974 -0 -0.923900008 -0.382699996 -0 -0.707099974 -0.707099974 1 -0 -0 1 -0 -0 1 -0 -0 1 -0 -0 1 -0 -0 1 -0 -0 1 -0 -0 1 -0 -0 1 -0 -0 1 -0 -0 1 -0 -0 1 -0 -0 1 -0 -0 1 -0 -0 1 -0 -0 1 -0 -0 1 -0 -0 1 -0 -0 1 -0 -0 1 -0 -0 1 -0 -0 1 -0 -0 1 -0 -0 1 -0 -0 1 -0 -0 1 -0 -0 1 -0 -0 1 -0 -0 1 -0 -0 1 -0 -0 1 -0 -0 1 -0 -0 1 -0 -0 1 -0 -0 1 -0 -0 1 -0 -0 -0 1 -0 -0 1 -0 -0 1 -0 -0 1 -0 -0 -0 -1 -0 -0 -1 -0 -0 -1 -0 -0 -1 -0 -1 -0 -0 -1 -0 -0 -1 -0 -0 -1 -0 -0 -0 1 -0 -0 1 -0 -0 1 -0 -0 1 -0 1 -0 -0 1 -0 -0 1 -0 -0 1 -0 -0 -0 1 -0 -0 1 -0 -0 1 -0 -0 1 -0 -1 -0 -0 -1 -0 -0 -1 -0 -0 -1 -0 -0 -0 1 -0 -0 1 -0 -0 1 -0 -0 1 -0 1 -0 -0 1 -0 -0 1 -0 -0 1 -0 -0 -0 1 -0 -0 1 -0 -0 1 -0 -0 1 1 -0 -0 1 -0 -0 1 -0 -0 1 -0 -0 1 -0 -0 1 -0 -0 1 -0 -0 1 -0 -0 1 -0 -0 1 -0 -0 -0 -0 -1 -0 -0 -1 -0 -0 -1 -0 -0 -1 -0 -1 -0 -0 -1 -0 -0 -1 -0 -0 -1 -0 -0 -0 1 -0 -0 1 -0 -0 1 -0 -0 1 -0 0.600000024 -0.800000012 -0 0.600000024 -0.800000012 -0 0.600000024 -0.800000012 -0 0.600000024 -0.800000012 -0 -0 1 -0 -0 1 -0 -0 1 -0 -0 1 -0 1 -0 -0 1 -0 -0 1 -0 -0 1 -0 -0 -0 -1 -0 -0 -1 -0 -0 -1 -0 -0 -1 -0 -0.600000024 0.800000012 -0 -0.600000024 0.800000012 -0 -0.600000024 0.800000012 -0 -0.600000024 0.800000012 1 -0 -0 1 -0 -0 1 -0 -0 1 -0 -0 1 -0 -0 1 -0 -0 1 -0 -0 1 -0 -0 1 -0 -0 1 -0 -0 1 -0 -0 1 -0 -0 1 -0 -0 -0 -0 -1 -0 -0 -1 -0 -0 -1 -0 -0 -1 -0 -1 -0 -0 -1 -0 -0 -1 -0 -0 -1 -0 -0 -0 1 -0 -0 1 -0 -0 1 -0 -0 1 -0 1 -0 -0 1 -0 -0 1 -0 -0 1 -0 -0 -0 1 -0 -0 1 -0 -0 1 -0 -0 1 -0 -1 -0 -0 -1 -0 -0 -1 -0 -0 -1 -0 -0 -0 1 -0 -0 1 -0 -0 1 -0 -0 1 -0 1 -0 -0 1 -0 -0 1 -0 -0 1 -0 -0 -0 1 -0 -0 1 -0 -0 1 -0 -0 1 -0 1 -0 -0 1 -0 -0 1 -0 -0 1 -0 1 -0 -0 1 -0 -0 1 -0 -0 1 -0 -0 1 -0 -0 1 -0 -0 1 -0 -0 1 -0 -0 1 -0 -0 1 -0 -0 -0 -0 1 -0 -0 1 -0 -0 1 -0 -0 1 -0 0.707099974 -0.707099974 -0 0.707099974 -0.707099974 -0 0.382699996 -0.923900008 -0 0.382699996 -0.923900008 -0 9.99999975e-05 -1 -0 9.99999975e-05 -1 -0 0.707099974 -0.707099974 -0 0.923900008 -0.382699996 -0 0.707099974 -0.707099974 -0 0.923900008 -0.382699996 -0 0.382699996 0.923900008 -0 0.923900008 0.382699996 -0 0.923900008 0.382699996 -0 1 -0 -0 0.382699996 0.923900008 -0 0.707099974 0.707099974 -0 0.707099974 0.707099974 -0 0.707099974 0.707099974 -0 1 -0 -0 0.707099974 0.707099974 -0 -0 -1 -0 -0 -1 -0 -0 -1 -0 -0 -1 -0 -0.382699996 0.923900008 -0 -0.707099974 0.707099974 -0 -0.707099974 0.707099974 -0 -0 1 -0 -0.382699996 0.923900008 -0 -0 1 -0 -0.707099974 0.707099974 -0 -0.923900008 0.382699996 -0 -0.707099974 0.707099974 -0 -0.923900008 0.382699996 -0 -0 -1 -0 -0 -1 -0 -0.382699996 -0.923900008 -0 -1 -0 -0 -0.923900008 -0.382699996 -0 -0.923900008 -0.382699996 -0 -0.707099974 -0.707099974 -0 -0.382699996 -0.923900008 -0 -0.707099974 -0.707099974 -0 -0.707099974 -0.707099974 -0 -1 -0 -0 -0.707099974 -0.707099974 -0 -0 -1 -0 -0 -1 -0 0.382699996 -0.923900008 -0 0.382699996 -0.923900008 -0 0.707099974 -0.707099974 -0 0.923900008 -0.382699996 -0 0.923900008 -0.382699996 -0 0.707099974 -0.707099974 -0 0.707099974 -0.707099974 -0 0.707099974 -0.707099974 -0 1 -0 -0 1 -0 -0 0.923900008 0.382699996 -0 0.707099974 0.707099974 -0 0.707099974 0.707099974 -0 0.382699996 0.923900008 -0 -0 1 -0 -0 1 -0 0.707099974 0.707099974 -0 0.382699996 0.923900008 -0 0.923900008 0.382699996 -0 0.707099974 0.707099974 -0 -0.382699996 0.923900008 -0 -0.382699996 0.923900008 -0 -0.923900008 0.382699996 -0 -0.923900008 0.382699996 -0 -0.707099974 0.707099974 -0 -0.707099974 0.707099974 -0 -0.707099974 0.707099974 -0 -0.707099974 0.707099974 -0 -1 -0 -0 -1 -0 -0 -0.707099974 -0.707099974 -0 -0.707099974 -0.707099974 -0 -0.923900008 -0.382699996 -0 -0.382699996 -0.923900008 -0 -0.382699996 -0.923900008 -0 -0.707099974 -0.707099974 -0 -0.923900008 -0.382699996 -0 -0.707099974 -0.707099974 1 -0 -0 1 -0 -0 1 -0 -0 1 -0 -0 1 -0 -0 1 -0 -0 1 -0 -0 1 -0 -0 1 -0 -0 1 -0 -0 1 -0 -0 1 -0 -0 1 -0 -0 1 -0 -0 1 -0 -0 1 -0 -0 1 -0 -0 1 -0 -0 1 -0 -0 1 -0 -0 1 -0 -0 1 -0 -0 1 -0 -0 1 -0 -0 1 -0 -0 1 -0 -0 1 -0 -0 1 -0 -0 1 -0 -0 1 -0 -0 1 -0 -0 1 -0 -0 1 -0 -0 1 -0 -0 1 -0 -0 1 -0 -0 -0 -0.996800005 -0.0804999992 -0 -0.996800005 -0.0804999992 -0 -0.996800005 -0.0804999992 -0 -0.996800005 -0.0804999992 -0 -0.0804999992 0.996800005 -0 -0.0804999992 0.996800005 -0 -0.0804999992 0.996800005 -0 -0.0804999992 0.996800005 -0 0.996800005 0.0804999992 -0 0.996800005 0.0804999992 -0 0.996800005 0.0804999992 -0 0.996800005 0.0804999992 -0 0.0804999992 -0.996800005 -0 0.0804999992 -0.996800005 -0 0.0804999992 -0.996800005 -0 0.0804999992 -0.996800005 -0 -0.996800005 -0.0804999992 -0 -0.996800005 -0.0804999992 -0 -0.996800005 -0.0804999992 -0 -0.996800005 -0.0804999992 -0 -0.0804999992 0.996800005 -0 -0.0804999992 0.996800005 -0 -0.0804999992 0.996800005 -0 -0.0804999992 0.996800005 -0 -0 -1 -0 0.167600006 -0.985899985 -0 0.167600006 -0.985899985 -0 0.33039999 -0.943799973 -0 0.483999997 -0.875100017 -0 0.483999997 -0.875100017 -0 0.33039999 -0.943799973 -0 -0 -1 -0 0.623700023 -0.781599998 -0 0.623700023 -0.781599998 -0 -0.167600006 -0.985899985 -0 -0.623700023 -0.781599998 -0 -0.483900011 -0.875100017 -0 -0.483900011 -0.875100017 -0 -0.33039999 -0.943799973 -0 -0.167600006 -0.985899985 -0 -0.33039999 -0.943799973 -0 -0.623700023 -0.781599998 -0 0.0804999992 0.996800005 -0 0.0804999992 0.996800005 -0 0.0804999992 0.996800005 -0 0.0804999992 0.996800005 -0 0.996800005 -0.0804999992 -0 0.996800005 -0.0804999992 -0 0.996800005 -0.0804999992 -0 0.996800005 -0.0804999992 -0 -0.0804999992 -0.996800005 -0 -0.0804999992 -0.996800005 -0 -0.0804999992 -0.996800005 -0 -0.0804999992 -0.996800005 -0 -0.996800005 0.0804999992 -0 -0.996800005 0.0804999992 -0 -0.996800005 0.0804999992 -0 -0.996800005 0.0804999992 -0 0.0804999992 0.996800005 -0 0.0804999992 0.996800005 -0 0.0804999992 0.996800005 -0 0.0804999992 0.996800005 -0 0.996800005 -0.0804999992 -0 0.996800005 -0.0804999992 -0 0.996800005 -0.0804999992 -0 0.996800005 -0.0804999992 -0 -0.167899996 0.985800028 -0 -0.167899996 0.985800028 -0 -0 1 -0 -0.484899998 0.874599993 -0 -0.484899998 0.874599993 -0 -0.331099987 0.943599999 -0 -0.331099987 0.943599999 -0 -0 1 -0 -0.624800026 0.780799985 -0 -0.624800026 0.780799985 -0 0.167899996 0.985800028 -0 0.484899998 0.874599993 -0 0.484899998 0.874599993 -0 0.624800026 0.780799985 -0 0.167899996 0.985800028 -0 0.331099987 0.943599999 -0 0.331099987 0.943599999 -0 0.624800026 0.780799985 1 -0 -0 1 -0 -0 1 -0 -0 1 -0 -0 1 -0 -0 1 -0 -0 1 -0 -0 1 -0 -0 1 -0 -0 1 -0 -0 1 -0 -0 1 -0 -0 1 -0 -0 1 -0 -0 1 -0 -0 1 -0 -0 1 -0 -0 1 -0 -0 1 -0 -0 1 -0 -0 1 -0 -0 1 -0 -0 1 -0 -0 1 -0 -0 1 -0 -0 1 -0 -0 1 -0 -0 1 -0 -0 1 -0 -0 1 -0 -0 1 -0 -0 1 -0 -0 1 -0 -0 1 -0 -0 1 -0 -0 1 -0 -0 1 -0 -0 </float_array>
          <technique_common>
            <accessor count="516" offset="0" source="#meshesQ0S-1-normals-array" stride="3">
              <param name="X" type="float" />
              <param name="Y" type="float" />
              <param name="Z" type="float" />
            </accessor>
          </technique_common>
        </source>
        <source id="meshesQ0S-1-tex0" name="meshesQ0S-1-tex0">
          <float_array id="meshesQ0S-1-tex0-array" count="1032"> -0.00249999994 0.94690001 -0.00150000001 0.94690001 -0.00150000001 0.946799994 -0.00249999994 0.946799994 0.000792999985 0.946799994 0.000792999985 0.94690001 0.00111700001 0.94690001 0.00111700001 0.946799994 0.00150000001 0.94690001 0.00150000001 0.946799994 -0.0793280005 0.946799994 -0.0796530023 0.946799994 -0.0793280005 0.94690001 -0.0796530023 0.94690001 -0.00111700001 0.946799994 -0.0804179981 0.946799994 -0.0804179981 0.94690001 -0.0800359994 0.94690001 -0.00111700001 0.94690001 -0.000792999985 0.94690001 -0.0807429999 0.946799994 -0.0807429999 0.94690001 -0.0800359994 0.946799994 -0.000792999985 0.946799994 0.00249999994 0.94690001 0.00249999994 0.946799994 -0.00119400001 0.94690001 -0.000934000011 0.94690001 -0.000934000011 0.946799994 -0.00150000001 0.94690001 -0.00119400001 0.946799994 -0.00150000001 0.946799994 0.0794700012 0.94690001 0.0797289982 0.946799994 0.0794700012 0.946799994 0.0797289982 0.94690001 0.00150000001 0.94690001 0.00150000001 0.946799994 0.00119400001 0.946799994 0.0800359994 0.94690001 0.0803420022 0.94690001 0.0803420022 0.946799994 0.000934000011 0.94690001 0.00119400001 0.94690001 0.0806009993 0.94690001 0.0806009993 0.946799994 0.0800359994 0.946799994 0.000934000011 0.946799994 0.00249999994 0.94690001 0.00249999994 0.946799994 0.00280599995 0.94690001 0.00280599995 0.946799994 -0.0806009993 0.94690001 -0.0803420022 0.94690001 -0.0803420022 0.946799994 0.00306600006 0.94690001 0.00306600006 0.946799994 -0.0806009993 0.946799994 -0.0800359994 0.946799994 -0.0800359994 0.94690001 -0.0797289982 0.94690001 -0.0794700012 0.94690001 -0.0794700012 0.946799994 -0.00280599995 0.94690001 -0.00249999994 0.94690001 -0.00249999994 0.946799994 -0.00306600006 0.94690001 -0.00280599995 0.946799994 -0.0797289982 0.946799994 -0.00306600006 0.946799994 -0.00288300007 0.946799994 -0.00288300007 0.94690001 0.0804179981 0.946799994 0.0804179981 0.94690001 0.0807429999 0.94690001 -0.00320699997 0.946799994 -0.00320699997 0.94690001 0.0807429999 0.946799994 0.0800359994 0.946799994 0.0800359994 0.94690001 0.0793280005 0.946799994 0.0793280005 0.94690001 0.0796530023 0.94690001 0.00288300007 0.94690001 0.00288300007 0.946799994 0.00320699997 0.94690001 0.0796530023 0.946799994 0.00320699997 0.946799994 0.0791120008 0.998883009 0.0793280005 0.99920702 0.0792960003 0.998806 0.0792360008 0.99849999 0.0790359974 0.99849999 0.0794700012 0.999065995 0.0796530023 0.999423981 0.0800359994 0.999499977 0.0797289982 0.999239028 0.0800359994 0.999300003 0.0803420022 0.999239028 0.0792360008 0.997500002 0.0790359974 0.997500002 0.0791120008 0.997116983 0.0792960003 0.997193992 0.0794700012 0.996933997 0.0793280005 0.996792972 0.0796530023 0.996576011 0.0797289982 0.996761024 0.0800359994 0.996500015 0.0804179981 0.999423981 0.0806009993 0.999065995 0.0807429999 0.99920702 0.0807750002 0.998806 0.0809589997 0.998883009 0.0808359981 0.99849999 0.0810360014 0.99849999 0.0810360014 0.997500002 0.0808359981 0.997500002 0.0800359994 0.996699989 0.0803420022 0.996761024 0.0804179981 0.996576011 0.0806009993 0.996933997 0.0809589997 0.997116983 0.0807750002 0.997193992 0.0807429999 0.996792972 -0.082987003 0.94690001 -0.0827869996 0.94690001 -0.0827869996 0.946799994 -0.082987003 0.946799994 -0.00350000011 0.946799994 -0.00350000011 0.94690001 -0.000500000024 0.94690001 -0.000500000024 0.946799994 0.0827869996 0.94690001 0.0845360011 0.94690001 0.0845360011 0.946799994 0.0827869996 0.946799994 0.000699999975 0.94690001 0.000699999975 0.946799994 0.000500000024 0.946799994 0.000500000024 0.94690001 -0.0845360011 0.94690001 -0.082987003 0.94690001 -0.082987003 0.946799994 -0.0845360011 0.946799994 0.00200000009 0.94690001 0.00200000009 0.946799994 0.000699999975 0.946799994 0.000699999975 0.94690001 0.082987003 0.94690001 0.0841339976 0.94690001 0.0841339976 0.946799994 0.082987003 0.946799994 0.00219999999 0.94690001 0.00219999999 0.946799994 0.00200000009 0.946799994 0.00200000009 0.94690001 -0.0841339976 0.94690001 -0.082987003 0.94690001 -0.082987003 0.946799994 -0.0841339976 0.946799994 0.00350000011 0.94690001 0.00350000011 0.946799994 0.00219999999 0.946799994 0.00219999999 0.94690001 0.0827869996 1.00349998 0.082987003 1.00349998 0.082987003 1.00220001 0.082987003 1.00199997 0.0827869996 1.00049996 0.0841339976 1.00220001 0.0841339976 1.00199997 0.082987003 1.0007 0.0845360011 1.0007 0.0845360011 1.00049996 0.00350000011 0.946799994 0.00109999999 0.946799994 0.00109999999 0.94690001 0.00350000011 0.94690001 0.0833360031 0.946799994 0.0833360031 0.94690001 0.0835359991 0.94690001 0.0835359991 0.946799994 -0.00350000011 0.94690001 -0.000500000024 0.94690001 -0.000500000024 0.946799994 -0.00350000011 0.946799994 0.000500000024 0.946799994 0.00289999996 0.94690001 0.00289999996 0.946799994 0.000500000024 0.94690001 -0.00289999996 0.94690001 -0.000500000024 0.94690001 -0.000500000024 0.946799994 -0.00289999996 0.946799994 -0.0817359984 0.946799994 -0.0817359984 0.94690001 -0.0815360025 0.94690001 -0.0815360025 0.946799994 0.000500000024 0.946799994 0.000500000024 0.94690001 0.00350000011 0.94690001 0.00350000011 0.946799994 -0.00350000011 0.94690001 -0.00109999999 0.94690001 -0.00109999999 0.946799994 -0.00350000011 0.946799994 0.0815360025 0.999499977 0.0817359984 0.999499977 0.0817359984 0.997099996 0.0821859986 0.997699976 0.0826359987 0.998300016 0.0824360028 0.997699976 0.0819860026 0.997099996 0.0815360025 0.996500015 0.0833360031 0.998899996 0.0835359991 0.999499977 0.0835359991 0.996500015 0.0830859989 0.998899996 0.0833360031 0.996500015 -0.000500000024 0.946799994 -0.00350000011 0.946799994 -0.00350000011 0.94690001 -0.000500000024 0.94690001 0.0805379972 0.946799994 0.0805379972 0.94690001 0.0822869986 0.946799994 0.0822869986 0.94690001 0.000500000024 0.94690001 0.000699999975 0.94690001 0.000699999975 0.946799994 0.000500000024 0.946799994 -0.0822869986 0.946799994 -0.0822869986 0.94690001 -0.0807380006 0.94690001 -0.0807380006 0.946799994 0.00200000009 0.94690001 0.00200000009 0.946799994 0.000699999975 0.946799994 0.000699999975 0.94690001 0.0807380006 0.94690001 0.0818850026 0.94690001 0.0818850026 0.946799994 0.0807380006 0.946799994 0.00219999999 0.94690001 0.00219999999 0.946799994 0.00200000009 0.946799994 0.00200000009 0.94690001 -0.0818850026 0.94690001 -0.0807380006 0.94690001 -0.0807380006 0.946799994 -0.0818850026 0.946799994 0.00350000011 0.94690001 0.00350000011 0.946799994 0.00219999999 0.946799994 0.00219999999 0.94690001 -0.0807380006 0.946799994 -0.0807380006 0.94690001 -0.0805379972 0.94690001 -0.0805379972 0.946799994 0.0805379972 1.00349998 0.0807380006 1.00349998 0.0807380006 1.00220001 0.0807380006 1.00199997 0.0805379972 1.00049996 0.0818850026 1.00220001 0.0818850026 1.00199997 0.0807380006 1.0007 0.0822869986 1.0007 0.0822869986 1.00049996 0.00150000001 0.94690001 0.00249999994 0.94690001 0.00249999994 0.946799994 0.00150000001 0.946799994 -0.00320699997 0.946799994 -0.00320699997 0.94690001 -0.00288300007 0.94690001 -0.00288300007 0.946799994 -0.00249999994 0.94690001 -0.00249999994 0.946799994 -0.0783310011 0.946799994 -0.0786549971 0.946799994 -0.0783310011 0.94690001 -0.0786549971 0.94690001 0.00288300007 0.946799994 -0.0794200003 0.946799994 -0.0794200003 0.94690001 -0.0790380016 0.94690001 0.00288300007 0.94690001 0.00320699997 0.94690001 -0.0797450021 0.946799994 -0.0797450021 0.94690001 -0.0790380016 0.946799994 0.00320699997 0.946799994 -0.00249999994 0.946799994 -0.00249999994 0.94690001 -0.00150000001 0.94690001 -0.00150000001 0.946799994 0.00280599995 0.94690001 0.00306600006 0.94690001 0.00306600006 0.946799994 0.00249999994 0.94690001 0.00280599995 0.946799994 0.00249999994 0.946799994 0.0784720033 0.94690001 0.0787310004 0.946799994 0.0784720033 0.946799994 0.0787310004 0.94690001 -0.00249999994 0.94690001 -0.00249999994 0.946799994 -0.00280599995 0.946799994 0.0790380016 0.94690001 0.0793439969 0.94690001 0.0793439969 0.946799994 -0.00306600006 0.94690001 -0.00280599995 0.94690001 0.0796030015 0.94690001 0.0796030015 0.946799994 0.0790380016 0.946799994 -0.00306600006 0.946799994 -0.00150000001 0.94690001 -0.00150000001 0.946799994 -0.00119400001 0.94690001 -0.00119400001 0.946799994 -0.0796030015 0.94690001 -0.0793439969 0.94690001 -0.0793439969 0.946799994 -0.000934000011 0.94690001 -0.000934000011 0.946799994 -0.0796030015 0.946799994 -0.0790380016 0.946799994 -0.0790380016 0.94690001 -0.0787310004 0.94690001 -0.0784720033 0.94690001 -0.0784720033 0.946799994 0.00119400001 0.94690001 0.00150000001 0.94690001 0.00150000001 0.946799994 0.000934000011 0.94690001 0.00119400001 0.946799994 -0.0787310004 0.946799994 0.000934000011 0.946799994 0.00111700001 0.946799994 0.00111700001 0.94690001 0.0794200003 0.946799994 0.0794200003 0.94690001 0.0797450021 0.94690001 0.000792999985 0.946799994 0.000792999985 0.94690001 0.0797450021 0.946799994 0.0790380016 0.946799994 0.0790380016 0.94690001 0.0783310011 0.946799994 0.0783310011 0.94690001 0.0786549971 0.94690001 -0.00111700001 0.94690001 -0.00111700001 0.946799994 -0.000792999985 0.94690001 0.0786549971 0.946799994 -0.000792999985 0.946799994 0.0781140029 1.00288296 0.0783310011 1.00320697 0.0782990009 1.00280595 0.078238003 1.00250006 0.0780379996 1.00250006 0.0784720033 1.00306594 0.0786549971 1.00342405 0.0790380016 1.00349998 0.0787310004 1.00323904 0.0790380016 1.00329995 0.0793439969 1.00323904 0.078238003 1.00150001 0.0780379996 1.00150001 0.0781140029 1.00111699 0.0782990009 1.001194 0.0784720033 1.000934 0.0783310011 1.00079298 0.0786549971 1.00057602 0.0787310004 1.00076103 0.0790380016 1.00049996 0.0794200003 1.00342405 0.0796030015 1.00306594 0.0797450021 1.00320697 0.0797770023 1.00280595 0.0799610019 1.00288296 0.0798380002 1.00250006 0.0800380036 1.00250006 0.0800380036 1.00150001 0.0798380002 1.00150001 0.0790380016 1.0007 0.0793439969 1.00076103 0.0794200003 1.00057602 0.0796030015 1.000934 0.0799610019 1.00111699 0.0797770023 1.001194 0.0797450021 1.00079298 0.0852819979 0.946799994 0.0852819979 0.94690001 0.0859410018 0.946799994 0.0859410018 0.94690001 0.00494599994 0.946799994 0.00494599994 0.94690001 0.00514499983 0.946799994 0.00514499983 0.94690001 -0.0859569982 0.946799994 -0.0849609971 0.94690001 -0.0849609971 0.946799994 -0.0859569982 0.94690001 -0.00522499997 0.946799994 -0.00522499997 0.94690001 -0.00422899984 0.94690001 -0.00422899984 0.946799994 0.0848800018 0.946799994 0.0848800018 0.94690001 0.0850789994 0.946799994 0.0850789994 0.94690001 0.00421300018 0.946799994 0.00421300018 0.94690001 0.00486500002 0.946799994 0.00486500002 0.94690001 -0 0.94690001 0.00130700006 0.94690001 0.00130700006 0.946799994 0.00257700006 0.94690001 0.00377500011 0.94690001 0.00377500011 0.946799994 0.00257700006 0.946799994 -0 0.946799994 0.00486500002 0.946799994 0.00486500002 0.94690001 -0.00130700006 0.946799994 -0.00486500002 0.94690001 -0.00377500011 0.94690001 -0.00377500011 0.946799994 -0.00257700006 0.94690001 -0.00130700006 0.94690001 -0.00257700006 0.946799994 -0.00486500002 0.946799994 -0.00486500002 0.946799994 -0.00421300018 0.94690001 -0.00421300018 0.946799994 -0.00486500002 0.94690001 -0.0850789994 0.946799994 -0.0848800018 0.94690001 -0.0848800018 0.946799994 -0.0850789994 0.94690001 0.00422899984 0.94690001 0.00522499997 0.94690001 0.00522499997 0.946799994 0.00422899984 0.946799994 0.0849609971 0.946799994 0.0849609971 0.94690001 0.0859569982 0.946799994 0.0859569982 0.94690001 -0.00514499983 0.946799994 -0.00494599994 0.94690001 -0.00494599994 0.946799994 -0.00514499983 0.94690001 -0.0859410018 0.946799994 -0.0852819979 0.94690001 -0.0852819979 0.946799994 -0.0859410018 0.94690001 -0.00134299998 0.946799994 -0.00134299998 0.94690001 0 0.94690001 -0.00387899997 0.946799994 -0.00387899997 0.94690001 -0.00264899991 0.94690001 -0.00264899991 0.946799994 0 0.946799994 -0.00499900011 0.946799994 -0.00499900011 0.94690001 0.00134299998 0.946799994 0.00387899997 0.946799994 0.00387899997 0.94690001 0.00499900011 0.94690001 0.00134299998 0.94690001 0.00264899991 0.94690001 0.00264899991 0.946799994 0.00499900011 0.946799994 0.0848800018 1.00422895 0.0849609971 1.00522494 0.0850789994 1.00421298 0.0849609971 0.994774997 0.0856110007 0.995028019 0.0859569982 0.994854987 0.0851320028 1.00486505 0.0859569982 1.00514495 0.0859410018 1.00494599 0.0852819979 1.00499904 0.0853139982 1.00459301 0.0856570005 1.004439 0.0854969993 1.00432003 0.0848800018 0.995770991 0.0850789994 0.995787024 0.0851320028 0.995135009 0.0852819979 0.995001018 0.0859410018 0.995054007 0.085845001 1.00415897 0.0860320032 1.00387895 0.0858609974 1.003775 0.0865840018 1.00264895 0.0863969997 1.00257695 0.0869219974 1.00134301 0.0867249966 1.00130701 0.0868360028 1 0.0856570005 0.995561004 0.0858609974 0.996224999 0.085845001 0.995841026 0.0870359987 1 0.0863969997 0.997422993 0.0860320032 0.996120989 0.0865840018 0.997350991 0.0867249966 0.998692989 0.0869219974 0.998656988 0.0854969993 0.995679975 0.0853139982 0.995406985 </float_array>
          <technique_common>
            <accessor count="516" offset="0" source="#meshesQ0S-1-tex0-array" stride="2">
              <param name="S" type="float" />
              <param name="T" type="float" />
            </accessor>
          </technique_common>
        </source>
        <vertices id="meshesQ0S-1-vertices">
          <input semantic="POSITION" source="#meshesQ0S-1-positions" />
        </vertices>
        <polylist count="390" material="defaultMaterial">
          <input offset="0" semantic="VERTEX" source="#meshesQ0S-1-vertices" />
          <input offset="0" semantic="NORMAL" source="#meshesQ0S-1-normals" />
          <input offset="0" semantic="TEXCOORD" source="#meshesQ0S-1-tex0" set="0" />
          <vcount>3 3 3 3 3 3 3 3 3 3 3 3 3 3 3 3 3 3 3 3 3 3 3 3 3 3 3 3 3 3 3 3 3 3 3 3 3 3 3 3 3 3 3 3 3 3 3 3 3 3 3 3 3 3 3 3 3 3 3 3 3 3 3 3 3 3 3 3 3 3 3 3 3 3 3 3 3 3 3 3 3 3 3 3 3 3 3 3 3 3 3 3 3 3 3 3 3 3 3 3 3 3 3 3 3 3 3 3 3 3 3 3 3 3 3 3 3 3 3 3 3 3 3 3 3 3 3 3 3 3 3 3 3 3 3 3 3 3 3 3 3 3 3 3 3 3 3 3 3 3 3 3 3 3 3 3 3 3 3 3 3 3 3 3 3 3 3 3 3 3 3 3 3 3 3 3 3 3 3 3 3 3 3 3 3 3 3 3 3 3 3 3 3 3 3 3 3 3 3 3 3 3 3 3 3 3 3 3 3 3 3 3 3 3 3 3 3 3 3 3 3 3 3 3 3 3 3 3 3 3 3 3 3 3 3 3 3 3 3 3 3 3 3 3 3 3 3 3 3 3 3 3 3 3 3 3 3 3 3 3 3 3 3 3 3 3 3 3 3 3 3 3 3 3 3 3 3 3 3 3 3 3 3 3 3 3 3 3 3 3 3 3 3 3 3 3 3 3 3 3 3 3 3 3 3 3 3 3 3 3 3 3 3 3 3 3 3 3 3 3 3 3 3 3 3 3 3 3 3 3 3 3 3 3 3 3 3 3 3 3 3 3 3 3 3 3 3 3 3 3 3 3 3 3 3 3 3 3 3 3 3 3 3 3 3 3 3 3 3 3 3 3 3 3 3 3 3 3 3 3 3 3 3 3 3 3 3 3 3 3 </vcount>
          <p>0 1 2 2 3 0 4 5 6 7 6 8 7 4 6 8 9 7 10 11 12 11 13 12 14 2 1 15 16 17 14 18 19 20 21 16 22 13 11 16 15 20 19 23 14 15 17 22 14 1 18 17 13 22 9 8 24 24 25 9 26 27 28 29 26 30 26 28 30 30 31 29 32 33 34 32 35 33 36 37 38 39 40 41 42 43 38 40 44 45 33 35 46 45 41 40 38 47 42 46 39 41 43 36 38 46 35 39 37 36 48 48 49 37 48 50 51 52 53 54 50 55 56 49 48 51 52 54 57 56 51 50 53 58 54 53 59 58 60 61 62 63 64 65 66 63 67 58 59 68 67 69 66 65 67 63 68 60 62 68 59 60 64 29 31 31 65 64 70 71 0 72 73 74 75 76 71 70 0 3 77 72 74 71 70 75 72 78 73 78 79 73 80 81 82 25 24 83 84 83 85 86 79 78 85 87 84 83 84 25 80 82 86 82 79 86 88 89 90 90 91 88 88 91 92 89 93 90 94 95 96 96 93 94 97 96 95 95 98 97 94 93 89 92 99 100 99 92 91 101 99 102 99 101 100 102 103 104 103 105 104 105 103 106 105 106 107 102 104 101 98 108 109 108 98 95 109 110 111 110 109 108 111 112 113 112 111 110 114 115 113 114 113 112 113 115 116 117 118 107 119 107 118 118 120 119 117 107 106 116 121 122 122 123 120 123 122 121 120 123 119 115 121 116 124 125 126 126 127 124 128 129 130 130 131 128 132 133 134 134 135 132 136 137 138 138 139 136 140 141 142 142 143 140 144 145 146 146 147 144 148 149 150 150 151 148 152 153 154 154 155 152 156 157 158 158 159 156 160 161 162 162 163 160 164 165 166 164 167 168 167 164 166 166 169 170 168 167 171 171 172 173 171 173 168 167 166 170 174 175 176 176 177 174 178 179 180 180 181 178 182 183 184 184 185 182 186 187 188 187 186 189 190 191 192 192 193 190 194 195 196 196 197 194 198 199 200 200 201 198 202 203 204 204 205 202 206 207 208 209 210 211 208 212 213 208 213 206 214 215 216 214 217 215 216 218 214 209 212 208 214 211 210 212 209 211 214 210 217 219 220 221 221 222 219 223 224 225 226 225 224 227 228 229 229 230 227 231 232 233 233 234 231 235 236 237 237 238 235 239 240 241 241 242 239 243 244 245 245 246 243 247 248 249 249 250 247 251 252 253 253 254 251 255 256 257 257 258 255 259 260 261 259 262 263 262 259 261 261 264 265 263 262 266 266 267 268 266 268 263 262 261 265 269 270 271 271 272 269 273 274 275 276 275 277 276 273 275 277 278 276 279 280 281 280 282 281 283 271 270 284 285 286 283 287 288 289 290 285 291 282 280 285 284 289 288 292 283 284 286 291 283 270 287 286 282 291 293 294 295 295 296 293 297 298 299 300 297 301 297 299 301 301 302 300 303 304 305 303 306 304 307 308 309 310 311 312 313 314 309 311 315 316 304 306 317 316 312 311 309 318 313 317 310 312 314 307 309 317 306 310 308 307 319 319 320 308 319 321 322 323 324 325 321 326 327 320 319 322 323 325 328 327 322 321 324 329 325 324 330 329 331 332 333 334 335 336 337 334 338 329 330 339 338 340 337 336 338 334 339 331 333 339 330 331 335 300 302 302 336 335 341 342 269 343 344 345 346 347 342 341 269 272 348 343 345 342 341 346 343 349 344 349 350 344 351 352 353 296 295 354 355 354 356 357 350 349 356 358 355 354 355 296 351 353 357 353 350 357 359 360 361 361 362 359 359 362 363 360 364 361 365 366 367 367 364 365 368 367 366 366 369 368 365 364 360 363 370 371 370 363 362 372 370 373 370 372 371 373 374 375 374 376 375 376 374 377 376 377 378 373 375 372 369 379 380 379 369 366 380 381 382 381 380 379 382 383 384 383 382 381 385 386 384 385 384 383 384 386 387 388 389 378 390 378 389 389 391 390 388 378 377 387 392 393 393 394 391 394 393 392 391 394 390 386 392 387 395 396 397 398 397 396 399 400 401 402 401 400 403 404 405 404 403 406 407 408 409 409 410 407 411 412 413 414 413 412 415 416 417 418 417 416 419 420 421 422 423 424 420 422 425 426 419 421 422 424 425 425 421 420 423 427 424 423 428 427 419 426 429 430 431 432 433 434 429 431 433 435 435 432 431 429 435 433 436 430 432 434 419 429 437 438 439 438 437 440 441 442 443 442 441 444 445 446 447 447 448 445 449 450 451 452 451 450 453 454 455 454 453 456 457 458 459 458 457 460 461 462 463 464 465 466 467 466 462 461 463 468 467 464 466 462 461 467 464 469 465 469 470 465 471 468 463 472 473 474 471 475 476 477 476 473 473 472 477 476 477 471 472 474 478 471 463 475 479 480 481 482 483 484 481 480 485 486 487 488 489 485 488 490 491 488 488 485 480 488 480 486 492 493 482 482 493 494 495 483 482 483 496 484 494 495 482 497 498 499 488 491 489 498 500 501 501 499 498 500 502 503 502 504 503 500 503 501 505 506 507 502 508 504 506 509 510 511 510 509 512 504 513 512 511 509 513 511 512 504 508 513 499 490 497 510 507 506 506 505 514 495 514 505 514 495 515 494 515 495 490 499 491 </p>
        </polylist>
      </mesh>
    </geometry>
    <geometry id="meshesQ1S" name="meshes[1]" >
      <mesh>
        <source id="meshesQ1S-positions" name="meshesQ1S-positions">
          <float_array id="meshesQ1S-positions-array" count="3078"> -0.00489299977 -0.0030400001 0.000357000012 -0.00289299991 -0.0030400001 0.000357000012 -0.00289299991 -0.00310000009 -0.000246999989 -0.00489299977 -0.00286399992 0.00093899999 -0.00289299991 -0.00257800007 0.00147500006 -0.00289299991 -0.00286399992 0.00093899999 -0.00489299977 -0.00172199996 0.00233000005 -0.00289299991 -0.00172199996 0.00233000005 -0.00289299991 -0.00219199993 0.00194500003 -0.00489299977 -0.00118599995 0.0026169999 -0.00289299991 -0.000605000008 0.00279300008 -0.00289299991 -0.00118599995 0.0026169999 -0.00489299977 -0.00219199993 0.00194500003 -0.00289299991 -0.00219199993 0.00194500003 -0.00489299977 0.000605000008 0.00279300008 -0.00289299991 0.000605000008 0.00279300008 -0.00289299991 0 0.00285300007 -0.00489299977 0.00172199996 0.00233000005 -0.00289299991 0.00172199996 0.00233000005 -0.00289299991 0.00118599995 0.0026169999 -0.00489299977 0.00118599995 0.0026169999 -0.00489299977 0.00257800007 0.00147500006 -0.00289299991 0.00257800007 0.00147500006 -0.00289299991 0.00219199993 0.00194500003 -0.00489299977 0.00286399992 0.00093899999 -0.00289299991 0.0030400001 0.000357000012 -0.00289299991 0.00286399992 0.00093899999 -0.00489299977 0.00219199993 0.00194500003 -0.00289299991 0.00219199993 0.00194500003 -0.00489299977 -0 0.00285300007 -0.00489299977 -0.00310000009 -0.000246999989 -0.00489299977 -0.00257800007 0.00147500006 -0.00489299977 -0.00219199993 0.00194500003 -0.00489299977 -0.000605000008 0.00279300008 -0.00489299977 0.00219199993 0.00194500003 -0.00489299977 0.0030400001 0.000357000012 -0.00489299977 0.00310000009 -0.000246999989 -0.00289299991 0.00310000009 -0.000246999989 -0.00489299977 -0.0030400001 -0.000852000026 -0.00489299977 0.0030400001 -0.000852000026 -0.00289299991 0.0030400001 -0.000852000026 -0.00489299977 0.00257800007 -0.0019700001 -0.00289299991 0.00257800007 -0.0019700001 -0.00289299991 0.00286399992 -0.00143399998 -0.00489299977 0.00286399992 -0.00143399998 -0.00489299977 0.00172199996 -0.00282500009 -0.00289299991 0.00172199996 -0.00282500009 -0.00289299991 0.00219199993 -0.00243899995 -0.00489299977 0.000605000008 -0.00328799989 -0.00289299991 0.000605000008 -0.00328799989 -0.00289299991 0.00118599995 -0.00311099994 -0.00489299977 0.00118599995 -0.00311099994 -0.00489299977 0.00219199993 -0.00243899995 -0.00289299991 0.00219199993 -0.00243899995 -0.00489299977 -0.000605000008 -0.00328799989 -0.00289299991 -0.000605000008 -0.00328799989 -0.00289299991 -0 -0.00334700011 -0.00489299977 -0.00118599995 -0.00311099994 -0.00289299991 -0.00172199996 -0.00282500009 -0.00289299991 -0.00118599995 -0.00311099994 -0.00489299977 -0.00257800007 -0.0019700001 -0.00289299991 -0.00257800007 -0.0019700001 -0.00289299991 -0.00219199993 -0.00243899995 -0.00289299991 -0.0030400001 -0.000852000026 -0.00289299991 -0.00286399992 -0.00143399998 -0.00489299977 -0.00286399992 -0.00143399998 -0.00489299977 -0.00172199996 -0.00282500009 -0.00289299991 -0.00219199993 -0.00243899995 -0.00489299977 0 -0.00334700011 -0.00489299977 0.00219199993 -0.00243899995 -0.00489299977 -0.00219199993 -0.00243899995 -0.00489299977 -0.00219199993 -0.00243899995 -0.00489299977 0.00749999983 -0.00174700003 -0.00489299977 0.00749999983 0.00121699995 -0.00239300006 0.00749999983 0.00121699995 -0.00239300006 0.00749999983 -0.00174700003 0.0134110004 0.00749999983 -0.0260509998 0.0127269998 0.00749999983 -0.0294410009 0.0122649996 0.00749999983 -0.0285759997 0.0130110001 0.00749999983 -0.0303789992 0.014343 0.00749999983 -0.0271869991 0.0131069999 0.00749999983 -0.0847830027 0.0156070003 0.00749999983 -0.0313539989 0.0156070003 0.00749999983 -0.0847830027 0.0131069999 0.00749999983 -0.0313539989 0.0150359999 0.00749999983 -0.0284839999 0.0154630002 0.00749999983 -0.0298909992 0.0116429999 0.00749999983 -0.0278179999 0.00410699984 0.00749999983 -0.0202830005 -0.00165999995 0.00749999983 -0.0109799998 -0.00405000011 0.00749999983 -0.0119899996 -0.0045119999 0.00749999983 -0.0111250002 -0.00489299977 0.00749999983 -0.00774700008 -0.00489299977 0.00749999983 -0.0092120003 -0.00479699997 0.00749999983 -0.010187 -0.00239300006 0.00749999983 -0.00774700008 -0.00342800003 0.00749999983 -0.012747 -0.002202 0.00749999983 -0.0101690004 -0.00239300006 0.00749999983 -0.0092120003 -0.00489299977 0 0.00871699955 -0.00489299977 -0.00249999994 0.00871699955 -0.00239300006 -0.00249999994 0.00871699955 -0.00239300006 0 0.00871699955 -0.00589299994 -0.00173699996 -0.00269400002 -0.00589299994 -0.00222199992 -0.00357299997 -0.00589299994 -0.00282800011 -0.00307599991 -0.00589299994 -0.00120000006 -0.002997 -0.00589299994 -0.00219999999 -0.00228699995 -0.00589299994 -0.00332599995 -0.00246999995 -0.00589299994 -0.00369599997 -0.00177800003 -0.00589299994 -0.00392299984 -0.00102800003 -0.00589299994 -0.000780000002 -0.00417099986 -0.00589299994 -0.00153100002 -0.00394299999 -0.00589299994 -0.000613000011 -0.00318400003 -0.00589299994 -0 -0.00424699998 -0.00589299994 -0 -0.00324700004 -0.00589299994 0.000780000002 -0.00417099986 -0.00589299994 -0.00219999999 0.00179200002 -0.00589299994 -0.00392299984 0.000532999984 -0.00589299994 -0.00369599997 0.00128299999 -0.00589299994 -0.00400000019 -0.000246999989 -0.00589299994 -0.00282800011 0.0025810001 -0.00589299994 -0.00332599995 0.0019749999 -0.00589299994 -0.00222199992 0.00307899993 -0.00589299994 -0.00120000006 0.00250199996 -0.00589299994 -0.00173699996 0.00219899998 -0.00589299994 -0.00153100002 0.00344799994 -0.00589299994 0 0.00275300001 -0.00589299994 -0.000613000011 0.00268899999 -0.00589299994 -0.000780000002 0.00367600005 -0.00589299994 0.00153100002 -0.00394299999 -0.00589299994 0.000613000011 -0.00318400003 -0.00589299994 0.00120000006 -0.002997 -0.00589299994 0.00173699996 -0.00269400002 -0.00589299994 0.00222199992 -0.00357299997 -0.00589299994 0.00219999999 -0.00228699995 -0.00589299994 0.00282800011 -0.00307599991 -0.00589299994 0.00332599995 -0.00246999995 -0.00589299994 0.00369599997 -0.00177800003 -0.00589299994 0.00400000019 -0.000246999989 -0.00589299994 0.00392299984 -0.00102800003 -0.00589299994 0.00219999999 0.00179200002 -0.00589299994 0.00153100002 0.00344799994 -0.00589299994 0.00120000006 0.00250199996 -0.00589299994 0.000613000011 0.00268899999 -0.00589299994 0.000780000002 0.00367600005 -0.00589299994 0 0.00375299994 -0.00589299994 0.00222199992 0.00307899993 -0.00589299994 0.00369599997 0.00128299999 -0.00589299994 0.00392299984 0.000532999984 -0.00589299994 0.00332599995 0.0019749999 -0.00589299994 0.00173699996 0.00219899998 -0.00589299994 0.00282800011 0.0025810001 -0.00489299977 -0.00449999981 -0.000246999989 -0.00489299977 -0.00441400008 0.000630999974 -0.00539299985 -0.00441400008 0.000630999974 -0.00489299977 -0.00415700022 0.00147500006 -0.00489299977 -0.00374200009 0.00225299993 -0.00539299985 -0.00374200009 0.00225299993 -0.00539299985 -0.00415700022 0.00147500006 -0.00489299977 -0.00318200001 0.002935 -0.00489299977 -0.00249999994 0.00349400006 -0.00539299985 -0.00249999994 0.00349400006 -0.00489299977 -0.00172199996 0.00390999997 -0.00489299977 -0.000877999992 0.00416600006 -0.00539299985 -0.000877999992 0.00416600006 -0.00539299985 -0.00172199996 0.00390999997 -0.00489299977 -0.00318200001 0.002935 -0.00539299985 -0.00318200001 0.002935 -0.00489299977 0 0.00425300002 -0.00489299977 0.000877999992 0.00416600006 -0.00539299985 0.000877999992 0.00416600006 -0.00489299977 0.00172199996 0.00390999997 -0.00489299977 0.00249999994 0.00349400006 -0.00539299985 0.00249999994 0.00349400006 -0.00539299985 0.00172199996 0.00390999997 -0.00489299977 0.00318200001 0.002935 -0.00489299977 0.00374200009 0.00225299993 -0.00539299985 0.00374200009 0.00225299993 -0.00489299977 0.00415700022 0.00147500006 -0.00489299977 0.00441400008 0.000630999974 -0.00539299985 0.00441400008 0.000630999974 -0.00539299985 0.00415700022 0.00147500006 -0.00489299977 0.00318200001 0.002935 -0.00539299985 0.00318200001 0.002935 -0.00539299985 0 0.00425300002 -0.00539299985 -0.00449999981 -0.000246999989 -0.00539299985 -0.00318200001 0.002935 -0.00539299985 0.00318200001 0.002935 -0.00489299977 0.00449999981 -0.000246999989 -0.00539299985 0.00449999981 -0.000246999989 -0.00539299985 -0.00441400008 -0.00112499995 -0.00489299977 0.00441400008 -0.00112499995 -0.00539299985 0.00441400008 -0.00112499995 -0.00489299977 0.00415700022 -0.00196900009 -0.00489299977 0.00374200009 -0.00274699996 -0.00539299985 0.00374200009 -0.00274699996 -0.00539299985 0.00415700022 -0.00196900009 -0.00489299977 0.00318200001 -0.00342900003 -0.00489299977 0.00249999994 -0.00398899987 -0.00539299985 0.00249999994 -0.00398899987 -0.00489299977 0.00172199996 -0.00440499978 -0.00489299977 0.000877999992 -0.00466099987 -0.00539299985 0.000877999992 -0.00466099987 -0.00539299985 0.00172199996 -0.00440499978 -0.00489299977 0.00318200001 -0.00342900003 -0.00539299985 0.00318200001 -0.00342900003 -0.00489299977 -0 -0.00474700006 -0.00489299977 -0.000877999992 -0.00466099987 -0.00539299985 -0.000877999992 -0.00466099987 -0.00489299977 -0.00172199996 -0.00440499978 -0.00489299977 -0.00249999994 -0.00398899987 -0.00539299985 -0.00249999994 -0.00398899987 -0.00539299985 -0.00172199996 -0.00440499978 -0.00489299977 -0.00318200001 -0.00342900003 -0.00489299977 -0.00374200009 -0.00274699996 -0.00539299985 -0.00374200009 -0.00274699996 -0.00489299977 -0.00415700022 -0.00196900009 -0.00489299977 -0.00441400008 -0.00112499995 -0.00539299985 -0.00415700022 -0.00196900009 -0.00489299977 -0.00318200001 -0.00342900003 -0.00539299985 -0.00318200001 -0.00342900003 -0.00539299985 -0 -0.00474700006 -0.00539299985 0.00318200001 -0.00342900003 -0.00539299985 -0.00318200001 -0.00342900003 -0.00589299994 -0.00173699996 0.00219899998 -0.00489299977 -0.00173699996 0.00219899998 -0.00489299977 -0.00219999999 0.00179200002 -0.00589299994 -0.000613000011 0.00268899999 -0.00489299977 -0.000613000011 0.00268899999 -0.00489299977 -0.00120000006 0.00250199996 -0.00589299994 -0.00120000006 0.00250199996 -0.00589299994 -0.00219999999 0.00179200002 -0.00589299994 0 0.00275300001 -0.00489299977 0 0.00275300001 -0.00589299994 0.00120000006 0.00250199996 -0.00489299977 0.00120000006 0.00250199996 -0.00489299977 0.000613000011 0.00268899999 -0.00589299994 0.00219999999 0.00179200002 -0.00489299977 0.00219999999 0.00179200002 -0.00489299977 0.00173699996 0.00219899998 -0.00589299994 0.00173699996 0.00219899998 -0.00589299994 0.000613000011 0.00268899999 -0.00589299994 -0.00219999999 -0.00228699995 -0.00589299994 -0.00219999999 0.00179200002 -0.00489299977 -0.00219999999 0.00179200002 -0.00489299977 -0.00219999999 -0.00228699995 -0.00589299994 0.00173699996 -0.00269400002 -0.00489299977 0.00173699996 -0.00269400002 -0.00489299977 0.00219999999 -0.00228699995 -0.00589299994 0.000613000011 -0.00318400003 -0.00489299977 0.000613000011 -0.00318400003 -0.00489299977 0.00120000006 -0.002997 -0.00589299994 0.00120000006 -0.002997 -0.00589299994 0.00219999999 -0.00228699995 -0.00589299994 -0 -0.00324700004 -0.00489299977 -0 -0.00324700004 -0.00589299994 -0.00120000006 -0.002997 -0.00489299977 -0.00120000006 -0.002997 -0.00489299977 -0.000613000011 -0.00318400003 -0.00589299994 -0.00219999999 -0.00228699995 -0.00489299977 -0.00219999999 -0.00228699995 -0.00489299977 -0.00173699996 -0.00269400002 -0.00589299994 -0.00173699996 -0.00269400002 -0.00589299994 -0.000613000011 -0.00318400003 -0.00589299994 0.00219999999 0.00179200002 -0.00589299994 0.00219999999 -0.00228699995 -0.00489299977 0.00219999999 -0.00228699995 -0.00489299977 0.00219999999 0.00179200002 -0.00558400014 0.00446199998 -0.000246999989 -0.00589299994 0.00392299984 0.000532999984 -0.00585500011 0.00411099987 0.000569999975 -0.00558400014 0.00437599979 0.000623000029 -0.00558400014 0.00371000008 0.002232 -0.00558400014 0.00247900002 0.00346300006 -0.00558400014 0.00315500004 0.00290800002 -0.00558400014 0.00412200019 0.00146000006 -0.00589299994 0.00369599997 0.00128299999 -0.00585500011 0.00387199991 0.00135699997 -0.00585500011 0.00419100001 -0.000246999989 -0.00585500011 0.00348499999 0.00208100001 -0.00574599998 0.00402199989 0.00141899998 -0.00574599998 0.00362000009 0.002171 -0.00574599998 0.00426999992 0.000601999986 -0.00585500011 0.00296399998 0.00271599996 -0.00585500011 0.00232900004 0.00323799998 -0.00585500011 0.00160399999 0.0036249999 -0.00574599998 0.00241900003 0.00337200006 -0.00574599998 0.00307799992 0.0028309999 -0.00589299994 0.00392299984 -0.00102800003 -0.00558400014 0.000869999989 0.00412900001 -0.00558400014 -0.000869999989 0.00412900001 -0.00558400014 0 0.0042150002 -0.00558400014 -0.00247900002 0.00346300006 -0.00558400014 -0.00371000008 0.002232 -0.00558400014 -0.00412200019 0.00146000006 -0.00558400014 -0.00315500004 0.00290800002 -0.00558400014 -0.00170799997 0.00387499994 -0.00585500011 0.000818 0.00386300008 -0.00585500011 0 0.00394400023 -0.00589299994 -0.000780000002 0.00367600005 -0.00585500011 -0.000818 0.00386300008 -0.00589299994 -0.00153100002 0.00344799994 -0.00585500011 -0.00160399999 0.0036249999 -0.00574599998 0.000849000004 0.00402300013 -0.00585500011 -0.00232900004 0.00323799998 -0.00585500011 -0.00348499999 0.00208100001 -0.00585500011 -0.00387199991 0.00135699997 -0.00589299994 -0.00369599997 0.00128299999 -0.00585500011 -0.00296399998 0.00271599996 -0.00585500011 -0.00411099987 0.000569999975 -0.00589299994 -0.00392299984 0.000532999984 -0.00558400014 0.00170799997 0.00387499994 -0.00574599998 0.001666 0.00377500011 -0.00574599998 0.00435400009 -0.000246999989 -0.00574599998 0.00426999992 0.000601999986 -0.00574599998 0.00435400009 -0.000246999989 -0.00574599998 0.00402199989 0.00141899998 -0.00574599998 0.00362000009 0.002171 -0.00574599998 0.00307799992 0.0028309999 -0.00558400014 0.00315500004 0.00290800002 -0.00574599998 0 0.00410600007 -0.00574599998 0.00241900003 0.00337200006 -0.00574599998 0.001666 0.00377500011 -0.00574599998 0.000849000004 0.00402300013 -0.00574599998 -0.000849000004 0.00402300013 -0.00574599998 0.00307799992 0.0028309999 -0.00574599998 0 0.00410600007 -0.00574599998 -0.000849000004 0.00402300013 -0.00574599998 0.00426999992 -0.00109699997 -0.00574599998 -0.00241900003 0.00337200006 -0.00574599998 -0.001666 0.00377500011 -0.00574599998 -0.001666 0.00377500011 -0.00574599998 -0.00241900003 0.00337200006 -0.00574599998 -0.00307799992 0.0028309999 -0.00574599998 -0.00362000009 0.002171 -0.00574599998 -0.00402199989 0.00141899998 -0.00574599998 -0.00426999992 0.000601999986 -0.00574599998 -0.00307799992 0.0028309999 -0.00558400014 -0.00315500004 0.00290800002 -0.00574599998 -0.00307799992 0.0028309999 -0.00574599998 -0.00362000009 0.002171 -0.00574599998 -0.00402199989 0.00141899998 -0.00574599998 -0.00426999992 0.000601999986 -0.00558400014 -0.00437599979 0.000623000029 -0.00574599998 -0.00435400009 -0.000246999989 -0.00558400014 -0.00446199998 -0.000246999989 -0.00585500011 -0.00419100001 -0.000246999989 -0.00574599998 -0.00435400009 -0.000246999989 -0.00585500011 0.00411099987 -0.00106499996 -0.00589299994 -0.00392299984 -0.00102800003 -0.00558400014 -0.00437599979 -0.00111800001 -0.00558400014 -0.00371000008 -0.00272600004 -0.00558400014 -0.00247900002 -0.0039570001 -0.00558400014 -0.00315500004 -0.00340200006 -0.00558400014 -0.00412200019 -0.00195499999 -0.00585500011 -0.00411099987 -0.00106499996 -0.00589299994 -0.00369599997 -0.00177800003 -0.00585500011 -0.00387199991 -0.00185100001 -0.00574599998 -0.00402199989 -0.00191300001 -0.00585500011 -0.00348499999 -0.00257600006 -0.00574599998 -0.00362000009 -0.00266600004 -0.00574599998 -0.00426999992 -0.00109699997 -0.00585500011 -0.00296399998 -0.003211 -0.00585500011 -0.00232900004 -0.00373200001 -0.00585500011 -0.00160399999 -0.00412000017 -0.00574599998 -0.00241900003 -0.00386700011 -0.00574599998 -0.00307799992 -0.00332599995 -0.00558400014 -0.000869999989 -0.00462399982 -0.00558400014 0.000869999989 -0.00462399982 -0.00558400014 -0 -0.00470899977 -0.00585500011 -0.000818 -0.00435800012 -0.00558400014 0.00315500004 -0.00340200006 -0.00558400014 0.00371000008 -0.00272600004 -0.00558400014 0.00412200019 -0.00195499999 -0.00558400014 0.00315500004 -0.00340200006 -0.00558400014 0.00247900002 -0.0039570001 -0.00585500011 -0 -0.00443900004 -0.00589299994 0.000780000002 -0.00417099986 -0.00585500011 0.000818 -0.00435800012 -0.00585500011 0.00160399999 -0.00412000017 -0.00574599998 -0.000849000004 -0.00451700017 -0.00585500011 0.00232900004 -0.00373200001 -0.00585500011 0.00348499999 -0.00257600006 -0.00585500011 0.00387199991 -0.00185100001 -0.00589299994 0.00369599997 -0.00177800003 -0.00585500011 0.00296399998 -0.003211 -0.00558400014 -0.00170799997 -0.00437000021 -0.00574599998 -0.001666 -0.00426999992 -0.00574599998 -0.00426999992 -0.00109699997 -0.00574599998 -0.00402199989 -0.00191300001 -0.00574599998 -0.00362000009 -0.00266600004 -0.00574599998 -0.00307799992 -0.00332599995 -0.00558400014 -0.00315500004 -0.00340200006 -0.00574599998 -0 -0.00460099988 -0.00574599998 -0.00241900003 -0.00386700011 -0.00574599998 -0.001666 -0.00426999992 -0.00574599998 -0.000849000004 -0.00451700017 -0.00574599998 0.000849000004 -0.00451700017 -0.00574599998 -0.00307799992 -0.00332599995 -0.00574599998 -0 -0.00460099988 -0.00574599998 0.000849000004 -0.00451700017 -0.00574599998 0.00241900003 -0.00386700011 -0.00574599998 0.001666 -0.00426999992 -0.00558400014 0.00170799997 -0.00437000021 -0.00574599998 0.001666 -0.00426999992 -0.00574599998 0.00241900003 -0.00386700011 -0.00574599998 0.00307799992 -0.00332599995 -0.00574599998 0.00362000009 -0.00266600004 -0.00574599998 0.00402199989 -0.00191300001 -0.00574599998 0.00426999992 -0.00109699997 -0.00574599998 0.00307799992 -0.00332599995 -0.00574599998 0.00307799992 -0.00332599995 -0.00574599998 0.00362000009 -0.00266600004 -0.00574599998 0.00402199989 -0.00191300001 -0.00558400014 0.00437599979 -0.00111800001 -0.00489299977 0.00779299997 -0.00245400006 -0.00489299977 0.00779299997 -0.00704000005 -0.00489299977 0.00374200009 -0.00274699996 -0.00489299977 0.00811699964 -0.00682300003 -0.00489299977 0.00811699964 -0.00267100008 -0.00489299977 0.00850000046 -0.00274699996 -0.00489299977 0.00850000046 -0.00674699992 -0.00489299977 0.00757599995 -0.00736499997 -0.00489299977 0.00749999983 -0.00774700008 -0.00489299977 0.00172199996 -0.00440499978 -0.00489299977 0.00249999994 -0.00398899987 -0.00489299977 0.00749999983 -0.0092120003 -0.00489299977 0.00318200001 -0.00342900003 -0.00489299977 0.00757599995 -0.00212999992 -0.00489299977 0.00415700022 -0.00196900009 -0.00489299977 0.00749999983 -0.00174700003 -0.00489299977 0.00449999981 -0.000246999989 -0.00489299977 0.00749999983 0.00121699995 -0.00489299977 0.00441400008 -0.00112499995 -0.00489299977 0.00735600013 0.00267999992 -0.00489299977 0.00415700022 0.00147500006 -0.00489299977 0.00692899991 0.00408700015 -0.00489299977 0.00623599999 0.00538400002 -0.00489299977 0.00374200009 0.00225299993 -0.00489299977 0.00318200001 0.002935 -0.00489299977 0.0053030001 0.00651999982 -0.00489299977 0.00441400008 0.000630999974 -0.00489299977 0.00249999994 0.00349400006 -0.00489299977 0.00416699983 0.00745300017 -0.00489299977 0.00172199996 0.00390999997 -0.00489299977 0.00286999997 0.00814600009 -0.00489299977 0.000877999992 -0.00466099987 -0.00489299977 -0 -0.00474700006 -0.00489299977 -0.000877999992 -0.00466099987 -0.00489299977 -0.00749999983 -0.0092120003 -0.00489299977 -0.00318200001 -0.00342900003 -0.00489299977 -0.00249999994 -0.00398899987 -0.00489299977 -0.00172199996 -0.00440499978 -0.00489299977 -0.00415700022 -0.00196900009 -0.00489299977 -0.00374200009 -0.00274699996 -0.00489299977 -0.00441400008 -0.00112499995 -0.00489299977 -0.00449999981 -0.000246999989 -0.00489299977 -0.00374200009 0.00225299993 -0.00489299977 -0.00415700022 0.00147500006 -0.00489299977 -0.00749999983 0.00971699972 -0.00489299977 -0.00441400008 0.000630999974 -0.00489299977 0.000877999992 0.00416600006 -0.00489299977 0.00146299996 0.00857300032 -0.00489299977 0 0.00425300002 -0.00489299977 0 0.00871699955 -0.00489299977 -0.00249999994 0.00871699955 -0.00489299977 -0.000877999992 0.00416600006 -0.00489299977 -0.00172199996 0.00390999997 -0.00489299977 -0.00249999994 0.00349400006 -0.00489299977 -0.00288300007 0.00879300013 -0.00489299977 -0.00320699997 0.00901000015 -0.00489299977 -0.00318200001 0.002935 -0.00489299977 -0.00342399999 0.00933399983 -0.00489299977 -0.00350000011 0.00971699972 0.0156070003 -0.00286999997 -0.091711998 0.0156070003 -0.00146299996 -0.0921389982 0.0156070003 -0.00749999983 -0.0313539989 0.0156070003 -0.00416699983 -0.0910189971 0.0156070003 0 -0.092283003 0.0156070003 0.00146299996 -0.0921389982 0.0156070003 0.00286999997 -0.091711998 0.0156070003 0.00749999983 -0.0313539989 0.0156070003 0.0053030001 -0.0900859982 0.0156070003 0.00749999983 -0.0847830027 0.0156070003 0.00416699983 -0.0910189971 0.0156070003 -0.00749999983 -0.0847830027 0.0156070003 -0.0053030001 -0.0900859982 0.0156070003 -0.00692899991 -0.0876530036 0.0156070003 -0.00623599999 -0.0889500007 0.0156070003 -0.00735600013 -0.0862459987 0.0156070003 0.00623599999 -0.0889500007 0.0156070003 0.00692899991 -0.0876530036 0.0156070003 0.00735600013 -0.0862459987 0.0131069999 -0.00749999983 -0.0313539989 0.0131069999 -0.00146299996 -0.0921389982 0.0131069999 -0.00286999997 -0.091711998 0.0131069999 -0.00416699983 -0.0910189971 0.0131069999 0 -0.092283003 0.0131069999 0.00749999983 -0.0313539989 0.0131069999 0.00286999997 -0.091711998 0.0131069999 0.00146299996 -0.0921389982 0.0131069999 0.00416699983 -0.0910189971 0.0131069999 0.00749999983 -0.0847830027 0.0131069999 0.0053030001 -0.0900859982 0.0131069999 -0.0053030001 -0.0900859982 0.0131069999 -0.00749999983 -0.0847830027 0.0131069999 -0.00623599999 -0.0889500007 0.0131069999 -0.00692899991 -0.0876530036 0.0131069999 -0.00735600013 -0.0862459987 0.0131069999 0.00692899991 -0.0876530036 0.0131069999 0.00623599999 -0.0889500007 0.0131069999 0.00735600013 -0.0862459987 0.0130110001 -0.00749999983 -0.0303789992 0.0130110001 0.00749999983 -0.0303789992 0.0127269998 -0.00749999983 -0.0294410009 0.0127269998 0.00749999983 -0.0294410009 0.0116429999 -0.00749999983 -0.0278179999 0.0116429999 0.00749999983 -0.0278179999 0.0122649996 0.00749999983 -0.0285759997 0.0122649996 -0.00749999983 -0.0285759997 0.0116429999 -0.00749999983 -0.0278179999 -0.00342800003 -0.00749999983 -0.012747 -0.00342800003 0.00749999983 -0.012747 0.0116429999 0.00749999983 -0.0278179999 -0.00479699997 0.00749999983 -0.010187 -0.00479699997 -0.00749999983 -0.010187 -0.0045119999 0.00749999983 -0.0111250002 -0.0045119999 -0.00749999983 -0.0111250002 -0.00405000011 0.00749999983 -0.0119899996 -0.00342800003 0.00749999983 -0.012747 -0.00342800003 -0.00749999983 -0.012747 -0.00405000011 -0.00749999983 -0.0119899996 -0.00239300006 0.0035339999 -0.00260900008 -0.00239300006 0.00779299997 -0.00704000005 -0.00239300006 0.00779299997 -0.00245400006 -0.00239300006 0.00811699964 -0.00267100008 -0.00239300006 0.00811699964 -0.00682300003 -0.00239300006 0.00850000046 -0.00674699992 -0.00239300006 0.00850000046 -0.00274699996 -0.00239300006 0.00757599995 -0.00736499997 -0.00239300006 0.00236100005 -0.00378099992 -0.00239300006 0.00162600004 -0.00417400012 -0.00239300006 0.00749999983 -0.00774700008 -0.00239300006 0.00749999983 -0.0092120003 -0.00239300006 0.00300500006 -0.00325300009 -0.00239300006 0.00749999983 -0.00174700003 -0.00239300006 0.00392600009 -0.00187399995 -0.00239300006 0.00757599995 -0.00212999992 -0.00239300006 0.00749999983 0.00121699995 -0.00239300006 0.00425000023 -0.000246999989 -0.00239300006 0.00416800007 -0.00107700005 -0.00239300006 0.00392600009 0.00137900002 -0.00239300006 0.00735600013 0.00267999992 -0.00239300006 0.00692899991 0.00408700015 -0.00239300006 0.0035339999 0.00211400003 -0.00239300006 0.00623599999 0.00538400002 -0.00239300006 0.0053030001 0.00651999982 -0.00239300006 0.00300500006 0.00275800005 -0.00239300006 0.00416800007 0.000582000008 -0.00239300006 0.00416699983 0.00745300017 -0.00239300006 0.00236100005 0.00328600011 -0.00239300006 0.00162600004 0.00367900007 -0.00239300006 0.00286999997 0.00814600009 -0.00239300006 -0 -0.00449700002 -0.00239300006 0.000829000026 -0.0044160001 -0.00239300006 -0.00749999983 -0.0092120003 -0.00239300006 -0.000829000026 -0.0044160001 -0.00239300006 -0.00236100005 -0.00378099992 -0.00239300006 -0.00300500006 -0.00325300009 -0.00239300006 -0.00162600004 -0.00417400012 -0.00239300006 -0.0035339999 -0.00260900008 -0.00239300006 -0.00392600009 -0.00187399995 -0.00239300006 -0.00425000023 -0.000246999989 -0.00239300006 -0.00416800007 -0.00107700005 -0.00239300006 -0.00749999983 0.00971699972 -0.00239300006 -0.00392600009 0.00137900002 -0.00239300006 -0.0035339999 0.00211400003 -0.00239300006 -0.00416800007 0.000582000008 -0.00239300006 0.00146299996 0.00857300032 -0.00239300006 0.000829000026 0.00392099982 -0.00239300006 0 0.00871699955 -0.00239300006 0 0.00400299998 -0.00239300006 -0.000829000026 0.00392099982 -0.00239300006 -0.00249999994 0.00871699955 -0.00239300006 -0.00162600004 0.00367900007 -0.00239300006 -0.00236100005 0.00328600011 -0.00239300006 -0.00288300007 0.00879300013 -0.00239300006 -0.00320699997 0.00901000015 -0.00239300006 -0.00300500006 0.00275800005 -0.00239300006 -0.00342399999 0.00933399983 -0.00239300006 -0.00350000011 0.00971699972 -0.002202 -0.00749999983 -0.0101690004 -0.002202 0.00749999983 -0.0101690004 -0.00165999995 -0.00749999983 -0.0109799998 -0.00165999995 0.00749999983 -0.0109799998 -0.00165999995 0.00749999983 -0.0109799998 -0.00165999995 -0.00749999983 -0.0109799998 0.0134110004 -0.00749999983 -0.0260509998 0.0134110004 0.00749999983 -0.0260509998 0.0154630002 0.00749999983 -0.0298909992 0.0154630002 -0.00749999983 -0.0298909992 0.0150359999 0.00749999983 -0.0284839999 0.0150359999 -0.00749999983 -0.0284839999 0.014343 0.00749999983 -0.0271869991 0.0134110004 0.00749999983 -0.0260509998 0.0134110004 -0.00749999983 -0.0260509998 0.014343 -0.00749999983 -0.0271869991 0.00410699984 -0.00749999983 -0.0202830005 0.0058749998 -0.00749999983 -0.0185150001 -0.00165999995 -0.00749999983 -0.0109799998 -0.00342800003 -0.00749999983 -0.012747 0.0134110004 -0.00749999983 -0.0260509998 0.0122649996 -0.00749999983 -0.0285759997 0.0127269998 -0.00749999983 -0.0294410009 0.0116429999 -0.00749999983 -0.0278179999 -0.0045119999 -0.00749999983 -0.0111250002 -0.00405000011 -0.00749999983 -0.0119899996 -0.00489299977 -0.00749999983 -0.0092120003 -0.002202 -0.00749999983 -0.0101690004 -0.00239300006 -0.00749999983 -0.0092120003 -0.00479699997 -0.00749999983 -0.010187 0.0156070003 -0.00749999983 -0.0313539989 0.0131069999 -0.00749999983 -0.0313539989 0.0131069999 -0.00749999983 -0.0847830027 0.0156070003 -0.00749999983 -0.0847830027 0.0150359999 -0.00749999983 -0.0284839999 0.014343 -0.00749999983 -0.0271869991 0.0130110001 -0.00749999983 -0.0303789992 0.0154630002 -0.00749999983 -0.0298909992 -0.00521000009 -0.00749999983 0.01315 -0.00551000005 -0.00749999983 0.0106410002 -0.00518599991 -0.00749999983 0.0104240002 -0.00455299998 -0.00749999983 0.0129509997 -0.00496899989 -0.00749999983 0.0100999996 -0.00589299994 -0.00749999983 0.0132170003 -0.0133929998 -0.00749999983 0.0132170003 -0.0133929998 -0.00749999983 0.0107169999 -0.00589299994 -0.00749999983 0.0107169999 -0.00246000011 -0.00749999983 0.0104 -0.00265899999 -0.00749999983 0.0110560004 -0.00239300006 -0.00749999983 0.00971699972 -0.00489299977 -0.00749999983 0.00971699972 -0.0029829999 -0.00749999983 0.0116619999 -0.00394799979 -0.00749999983 0.012627 -0.00341799995 -0.00749999983 0.0121919997 -0.00489299977 0.00173699996 -0.00269400002 -0.00489299977 0.00219199993 -0.00243899995 -0.00489299977 0.00219999999 -0.00228699995 -0.00489299977 0.00257800007 -0.0019700001 -0.00489299977 0.00172199996 -0.00282500009 -0.00489299977 0.0030400001 -0.000852000026 -0.00489299977 0.00310000009 -0.000246999989 -0.00489299977 0.00286399992 -0.00143399998 -0.00489299977 0.000605000008 -0.00328799989 -0.00489299977 0.000613000011 -0.00318400003 -0.00489299977 -0 -0.00324700004 -0.00489299977 0.00118599995 -0.00311099994 -0.00489299977 0.00120000006 -0.002997 -0.00489299977 0.00286399992 0.00093899999 -0.00489299977 0.00219999999 0.00179200002 -0.00489299977 0.0030400001 0.000357000012 -0.00489299977 0.00219199993 0.00194500003 -0.00489299977 0.00257800007 0.00147500006 -0.00489299977 0.00173699996 0.00219899998 -0.00489299977 0.00172199996 0.00233000005 -0.00489299977 0.00120000006 0.00250199996 -0.00489299977 0.00118599995 0.0026169999 -0.00489299977 0.000605000008 0.00279300008 -0.00489299977 0.000613000011 0.00268899999 -0.00489299977 -0 0.00285300007 -0.00489299977 0 0.00275300001 -0.00489299977 0 -0.00334700011 -0.00489299977 -0.000613000011 -0.00318400003 -0.00489299977 -0.000605000008 -0.00328799989 -0.00489299977 -0.00118599995 -0.00311099994 -0.00489299977 -0.00120000006 -0.002997 -0.00489299977 -0.00172199996 -0.00282500009 -0.00489299977 -0.00173699996 -0.00269400002 -0.00489299977 -0.00219999999 -0.00228699995 -0.00489299977 -0.00219199993 -0.00243899995 -0.00489299977 -0.00257800007 -0.0019700001 -0.00489299977 -0.0030400001 -0.000852000026 -0.00489299977 -0.00286399992 -0.00143399998 -0.00489299977 -0.00310000009 -0.000246999989 -0.00489299977 -0.00172199996 0.00233000005 -0.00489299977 -0.00120000006 0.00250199996 -0.00489299977 -0.00118599995 0.0026169999 -0.00489299977 -0.000613000011 0.00268899999 -0.00489299977 -0.00173699996 0.00219899998 -0.00489299977 -0.000605000008 0.00279300008 -0.00489299977 -0.00219999999 0.00179200002 -0.00489299977 -0.0030400001 0.000357000012 -0.00489299977 -0.00286399992 0.00093899999 -0.00489299977 -0.00219199993 0.00194500003 -0.00489299977 -0.00257800007 0.00147500006 0.0131069999 0.00146299996 -0.0921389982 0.0131069999 0.00286999997 -0.091711998 0.0156070003 0.00286999997 -0.091711998 0.0131069999 0 -0.092283003 0.0156070003 0.00146299996 -0.0921389982 0.0156070003 0 -0.092283003 0.0156070003 0.00416699983 -0.0910189971 0.0131069999 0.00416699983 -0.0910189971 0.0156070003 0.00735600013 -0.0862459987 0.0131069999 0.0053030001 -0.0900859982 0.0131069999 0.00623599999 -0.0889500007 0.0156070003 0.00623599999 -0.0889500007 0.0131069999 0.00692899991 -0.0876530036 0.0131069999 0.00735600013 -0.0862459987 0.0156070003 0.00692899991 -0.0876530036 0.0156070003 0.0053030001 -0.0900859982 0.0156070003 0.0053030001 -0.0900859982 0.0131069999 0.0053030001 -0.0900859982 0.0156070003 -0.00146299996 -0.0921389982 0.0156070003 -0.00286999997 -0.091711998 0.0131069999 -0.00286999997 -0.091711998 0.0131069999 -0.00146299996 -0.0921389982 0.0131069999 -0.00416699983 -0.0910189971 0.0156070003 -0.00416699983 -0.0910189971 0.0131069999 -0.00735600013 -0.0862459987 0.0156070003 -0.0053030001 -0.0900859982 0.0156070003 -0.00623599999 -0.0889500007 0.0131069999 -0.00623599999 -0.0889500007 0.0156070003 -0.00692899991 -0.0876530036 0.0156070003 -0.00735600013 -0.0862459987 0.0131069999 -0.00692899991 -0.0876530036 0.0131069999 -0.0053030001 -0.0900859982 0.0131069999 -0.0053030001 -0.0900859982 0.0156070003 -0.0053030001 -0.0900859982 -0.00239300006 0.00146299996 0.00857300032 -0.00489299977 0.00146299996 0.00857300032 -0.00239300006 0.00286999997 0.00814600009 -0.00239300006 0.00416699983 0.00745300017 -0.00489299977 0.00416699983 0.00745300017 -0.00489299977 0.00286999997 0.00814600009 -0.00489299977 0.0053030001 0.00651999982 -0.00239300006 0.0053030001 0.00651999982 -0.00239300006 0.00623599999 0.00538400002 -0.00239300006 0.00692899991 0.00408700015 -0.00489299977 0.00692899991 0.00408700015 -0.00239300006 0.00735600013 0.00267999992 -0.00489299977 0.00735600013 0.00267999992 -0.00489299977 0.0053030001 0.00651999982 -0.00239300006 0.0053030001 0.00651999982 -0.00489299977 0.00623599999 0.00538400002 -0.00496899989 -0.00749999983 0.0100999996 -0.00496899989 -0.00350000011 0.0100999996 -0.00518599991 -0.00749999983 0.0104240002 -0.00518599991 -0.00350000011 0.0104240002 -0.00589299994 -0.00749999983 0.0107169999 -0.00589299994 -0.00350000011 0.0107169999 -0.00551000005 -0.00350000011 0.0106410002 -0.00551000005 -0.00749999983 0.0106410002 -0.00518599991 -0.00350000011 0.0104240002 -0.00518599991 -0.00749999983 0.0104240002 -0.0133929998 -0.00749999983 0.0107169999 -0.0133929998 -0.00350000011 0.0107169999 -0.0133929998 -0.00350000011 0.0107169999 -0.0133929998 -0.00749999983 0.0107169999 -0.0133929998 -0.00749999983 0.0132170003 -0.0133929998 -0.00350000011 0.0132170003 -0.0133929998 -0.00749999983 0.0132170003 -0.00589299994 -0.00749999983 0.0132170003 -0.00589299994 -0.00350000011 0.0132170003 -0.0133929998 -0.00350000011 0.0132170003 -0.00246000011 -0.00350000011 0.0104 -0.00246000011 -0.00749999983 0.0104 -0.00265899999 -0.00350000011 0.0110560004 -0.0029829999 -0.00350000011 0.0116619999 -0.0029829999 -0.00749999983 0.0116619999 -0.00265899999 -0.00749999983 0.0110560004 -0.00341799995 -0.00749999983 0.0121919997 -0.00341799995 -0.00350000011 0.0121919997 -0.00394799979 -0.00350000011 0.012627 -0.00455299998 -0.00350000011 0.0129509997 -0.00455299998 -0.00749999983 0.0129509997 -0.00521000009 -0.00350000011 0.01315 -0.00521000009 -0.00749999983 0.01315 -0.00341799995 -0.00749999983 0.0121919997 -0.00341799995 -0.00350000011 0.0121919997 -0.00394799979 -0.00749999983 0.012627 -0.00394799979 -0.00350000011 0.012627 -0.00589299994 -0.00350000011 0.0132170003 -0.00455299998 -0.00350000011 0.0129509997 -0.00521000009 -0.00350000011 0.01315 -0.00589299994 -0.00350000011 0.0107169999 -0.00341799995 -0.00350000011 0.0121919997 -0.0029829999 -0.00350000011 0.0116619999 -0.00265899999 -0.00350000011 0.0110560004 -0.0133929998 -0.00350000011 0.0132170003 -0.0133929998 -0.00350000011 0.0107169999 -0.00246000011 -0.00350000011 0.0104 -0.00518599991 -0.00350000011 0.0104240002 -0.00551000005 -0.00350000011 0.0106410002 -0.00239300006 -0.00350000011 0.00971699972 -0.00496899989 -0.00350000011 0.0100999996 -0.00489299977 -0.00350000011 0.00971699972 -0.00289799995 0.0101650003 -0.00274699996 -0.00539000006 0.00899699982 -0.00274699996 -0.00262099993 0.00964699965 -0.00274699996 -0.00326999999 0.0106189996 -0.00274699996 -0.00245000003 0.00908499956 -0.00274699996 -0.00520000001 0.008959 -0.00274699996 -0.00372499996 0.0109919999 -0.00274699996 -0.00424299994 0.0112690004 -0.00274699996 -0.00539000006 0.0114970002 -0.00274699996 -0.00480500003 0.0114390003 -0.00274699996 -0.00493100006 0.00868999958 -0.00274699996 -0.00239300006 0.00850000046 -0.00274699996 -0.00503800018 0.00885100011 -0.00274699996 -0.0133929998 0.0114970002 -0.00274699996 -0.0133929998 0.00899699982 -0.00274699996 -0.00489299977 0.00850000046 -0.00274699996 -0.00372499996 0.0109919999 -0.00674699992 -0.00539000006 0.0114970002 -0.00674699992 -0.00424299994 0.0112690004 -0.00674699992 -0.00480500003 0.0114390003 -0.00674699992 -0.00539000006 0.00899699982 -0.00674699992 -0.00326999999 0.0106189996 -0.00674699992 -0.00289799995 0.0101650003 -0.00674699992 -0.00262099993 0.00964699965 -0.00674699992 -0.0133929998 0.0114970002 -0.00674699992 -0.00520000001 0.008959 -0.00674699992 -0.00245000003 0.00908499956 -0.00674699992 -0.00503800018 0.00885100011 -0.00674699992 -0.00239300006 0.00850000046 -0.00674699992 -0.00493100006 0.00868999958 -0.00674699992 -0.00489299977 0.00850000046 -0.00674699992 -0.0133929998 0.00899699982 -0.00674699992 -0.00539000006 0.0114970002 -0.00274699996 -0.00480500003 0.0114390003 -0.00274699996 -0.00539000006 0.0114970002 -0.00674699992 -0.00424299994 0.0112690004 -0.00274699996 -0.00424299994 0.0112690004 -0.00674699992 -0.00372499996 0.0109919999 -0.00674699992 -0.00372499996 0.0109919999 -0.00274699996 -0.00480500003 0.0114390003 -0.00674699992 -0.00326999999 0.0106189996 -0.00274699996 -0.00326999999 0.0106189996 -0.00674699992 -0.00289799995 0.0101650003 -0.00674699992 -0.00289799995 0.0101650003 -0.00274699996 -0.00262099993 0.00964699965 -0.00274699996 -0.00245000003 0.00908499956 -0.00274699996 -0.00262099993 0.00964699965 -0.00674699992 -0.00245000003 0.00908499956 -0.00674699992 -0.00326999999 0.0106189996 -0.00674699992 -0.00326999999 0.0106189996 -0.00274699996 -0.0133929998 0.0114970002 -0.00674699992 -0.0133929998 0.0114970002 -0.00274699996 -0.0133929998 0.00899699982 -0.00674699992 -0.0133929998 0.00899699982 -0.00274699996 -0.0133929998 0.0114970002 -0.00274699996 -0.0133929998 0.0114970002 -0.00674699992 -0.0133929998 0.00899699982 -0.00274699996 -0.0133929998 0.00899699982 -0.00674699992 -0.00539000006 0.00899699982 -0.00674699992 -0.00539000006 0.00899699982 -0.00274699996 -0.00520000001 0.008959 -0.00274699996 -0.00520000001 0.008959 -0.00674699992 -0.00503800018 0.00885100011 -0.00274699996 -0.00503800018 0.00885100011 -0.00674699992 -0.00493100006 0.00868999958 -0.00674699992 -0.00493100006 0.00868999958 -0.00274699996 -0.00503800018 0.00885100011 -0.00674699992 -0.00503800018 0.00885100011 -0.00274699996 -0.00489299977 0.00757599995 -0.00736499997 -0.00239300006 0.00757599995 -0.00736499997 -0.00489299977 0.00779299997 -0.00704000005 -0.00239300006 0.00779299997 -0.00704000005 -0.00239300006 0.00811699964 -0.00682300003 -0.00489299977 0.00811699964 -0.00682300003 -0.00239300006 0.00779299997 -0.00704000005 -0.00489299977 0.00779299997 -0.00704000005 -0.00239300006 0.00757599995 -0.00212999992 -0.00489299977 0.00757599995 -0.00212999992 -0.00489299977 0.00811699964 -0.00267100008 -0.00239300006 0.00779299997 -0.00245400006 -0.00489299977 0.00779299997 -0.00245400006 -0.00239300006 0.00779299997 -0.00245400006 -0.00239300006 0.00811699964 -0.00267100008 -0.00489299977 0.00779299997 -0.00245400006 -0.00239300006 -0.00342399999 0.00933399983 -0.00489299977 -0.00342399999 0.00933399983 -0.00239300006 -0.00320699997 0.00901000015 -0.00489299977 -0.00320699997 0.00901000015 -0.00489299977 -0.00288300007 0.00879300013 -0.00239300006 -0.00288300007 0.00879300013 -0.00489299977 -0.00320699997 0.00901000015 -0.00239300006 -0.00320699997 0.00901000015 -0.00289299991 -0.00257800007 -0.0019700001 -0.00289299991 -0.0035339999 -0.00260900008 -0.00289299991 -0.00219199993 -0.00243899995 -0.00289299991 -0.00300500006 -0.00325300009 -0.00289299991 -0.00236100005 -0.00378099992 -0.00289299991 -0.00286399992 -0.00143399998 -0.00289299991 -0.00416800007 -0.00107700005 -0.00289299991 -0.00392600009 -0.00187399995 -0.00289299991 -0.0030400001 -0.000852000026 -0.00289299991 -0.00310000009 -0.000246999989 -0.00289299991 -0.000605000008 -0.00328799989 -0.00289299991 -0.00162600004 -0.00417400012 -0.00289299991 -0.000829000026 -0.0044160001 -0.00289299991 -0 -0.00449700002 -0.00289299991 -0 -0.00334700011 -0.00289299991 0.000605000008 -0.00328799989 -0.00289299991 -0.00172199996 -0.00282500009 -0.00289299991 -0.00118599995 -0.00311099994 -0.00289299991 -0.00416800007 0.000582000008 -0.00289299991 -0.00425000023 -0.000246999989 -0.00289299991 -0.0030400001 0.000357000012 -0.00289299991 -0.00286399992 0.00093899999 -0.00289299991 -0.0035339999 0.00211400003 -0.00289299991 -0.00392600009 0.00137900002 -0.00289299991 -0.00257800007 0.00147500006 -0.00289299991 -0.00300500006 0.00275800005 -0.00289299991 -0.00172199996 0.00233000005 -0.00289299991 -0.00219199993 0.00194500003 -0.00289299991 -0.00118599995 0.0026169999 -0.00289299991 -0.00236100005 0.00328600011 -0.00289299991 -0.00162600004 0.00367900007 -0.00289299991 -0.000829000026 0.00392099982 -0.00289299991 -0.000605000008 0.00279300008 -0.00289299991 0 0.00285300007 -0.00289299991 0.00118599995 -0.00311099994 -0.00289299991 0.000829000026 -0.0044160001 -0.00289299991 0.00162600004 -0.00417400012 -0.00289299991 0.00172199996 -0.00282500009 -0.00289299991 0.00236100005 -0.00378099992 -0.00289299991 0.0035339999 -0.00260900008 -0.00289299991 0.00257800007 -0.0019700001 -0.00289299991 0.00219199993 -0.00243899995 -0.00289299991 0.00300500006 -0.00325300009 -0.00289299991 0.00392600009 -0.00187399995 -0.00289299991 0.00286399992 -0.00143399998 -0.00289299991 0.0030400001 -0.000852000026 -0.00289299991 0.00310000009 -0.000246999989 -0.00289299991 0.00425000023 -0.000246999989 -0.00289299991 0.00416800007 -0.00107700005 -0.00289299991 0.0030400001 0.000357000012 -0.00289299991 0.000605000008 0.00279300008 -0.00289299991 0.00118599995 0.0026169999 -0.00289299991 0.00162600004 0.00367900007 -0.00289299991 0.00236100005 0.00328600011 -0.00289299991 0.00172199996 0.00233000005 -0.00289299991 0 0.00400299998 -0.00289299991 0.000829000026 0.00392099982 -0.00289299991 0.00219199993 0.00194500003 -0.00289299991 0.00300500006 0.00275800005 -0.00289299991 0.00286399992 0.00093899999 -0.00289299991 0.00392600009 0.00137900002 -0.00289299991 0.00416800007 0.000582000008 -0.00289299991 0.0035339999 0.00211400003 -0.00289299991 0.00257800007 0.00147500006 -0.00239300006 0.00416800007 0.000582000008 -0.00289299991 0.00416800007 0.000582000008 -0.00289299991 0.00425000023 -0.000246999989 -0.00239300006 0.0035339999 0.00211400003 -0.00289299991 0.0035339999 0.00211400003 -0.00289299991 0.00392600009 0.00137900002 -0.00239300006 0.00392600009 0.00137900002 -0.00239300006 0.00236100005 0.00328600011 -0.00289299991 0.00236100005 0.00328600011 -0.00289299991 0.00300500006 0.00275800005 -0.00239300006 0.000829000026 0.00392099982 -0.00289299991 0.000829000026 0.00392099982 -0.00289299991 0.00162600004 0.00367900007 -0.00239300006 0.00162600004 0.00367900007 -0.00239300006 0.00300500006 0.00275800005 -0.00289299991 0.00300500006 0.00275800005 -0.00239300006 -0.000829000026 0.00392099982 -0.00289299991 -0.000829000026 0.00392099982 -0.00289299991 0 0.00400299998 -0.00239300006 -0.00236100005 0.00328600011 -0.00289299991 -0.00236100005 0.00328600011 -0.00289299991 -0.00162600004 0.00367900007 -0.00239300006 -0.00162600004 0.00367900007 -0.00239300006 -0.0035339999 0.00211400003 -0.00289299991 -0.0035339999 0.00211400003 -0.00289299991 -0.00300500006 0.00275800005 -0.00239300006 -0.00416800007 0.000582000008 -0.00289299991 -0.00416800007 0.000582000008 -0.00289299991 -0.00392600009 0.00137900002 -0.00239300006 -0.00392600009 0.00137900002 -0.00239300006 -0.00300500006 0.00275800005 -0.00289299991 -0.00300500006 0.00275800005 -0.00239300006 0 0.00400299998 -0.00239300006 0.00425000023 -0.000246999989 -0.00239300006 0.00300500006 0.00275800005 -0.00239300006 -0.00300500006 0.00275800005 -0.00239300006 -0.00425000023 -0.000246999989 -0.00289299991 -0.00425000023 -0.000246999989 -0.00239300006 0.00416800007 -0.00107700005 -0.00239300006 -0.00416800007 -0.00107700005 -0.00289299991 -0.00416800007 -0.00107700005 -0.00239300006 -0.0035339999 -0.00260900008 -0.00289299991 -0.0035339999 -0.00260900008 -0.00289299991 -0.00392600009 -0.00187399995 -0.00239300006 -0.00392600009 -0.00187399995 -0.00239300006 -0.00236100005 -0.00378099992 -0.00289299991 -0.00236100005 -0.00378099992 -0.00289299991 -0.00300500006 -0.00325300009 -0.00239300006 -0.000829000026 -0.0044160001 -0.00289299991 -0.000829000026 -0.0044160001 -0.00289299991 -0.00162600004 -0.00417400012 -0.00239300006 -0.00162600004 -0.00417400012 -0.00239300006 -0.00300500006 -0.00325300009 -0.00289299991 -0.00300500006 -0.00325300009 -0.00239300006 0.000829000026 -0.0044160001 -0.00289299991 0.000829000026 -0.0044160001 -0.00289299991 -0 -0.00449700002 -0.00239300006 0.00236100005 -0.00378099992 -0.00289299991 0.00236100005 -0.00378099992 -0.00289299991 0.00162600004 -0.00417400012 -0.00239300006 0.00162600004 -0.00417400012 -0.00239300006 0.0035339999 -0.00260900008 -0.00289299991 0.0035339999 -0.00260900008 -0.00289299991 0.00300500006 -0.00325300009 -0.00289299991 0.00416800007 -0.00107700005 -0.00289299991 0.00392600009 -0.00187399995 -0.00239300006 0.00392600009 -0.00187399995 -0.00239300006 0.00300500006 -0.00325300009 -0.00289299991 0.00300500006 -0.00325300009 -0.00239300006 -0 -0.00449700002 -0.00239300006 -0.00300500006 -0.00325300009 -0.00239300006 0.00300500006 -0.00325300009 </float_array>
          <technique_common>
            <accessor count="1026" offset="0" source="#meshesQ1S-positions-array" stride="3">
              <param name="X" type="float" />
              <param name="Y" type="float" />
              <param name="Z" type="float" />
            </accessor>
          </technique_common>
        </source>
        <source id="meshesQ1S-normals" name="meshesQ1S-normals">
          <float_array id="meshesQ1S-normals-array" count="3078"> -0 0.980799973 -0.195099995 -0 0.980799973 -0.195099995 -0 1 -0 -0 0.923900008 -0.382699996 -0 0.831499994 -0.555599988 -0 0.923900008 -0.382699996 -0 0.555599988 -0.831499994 -0 0.555599988 -0.831499994 -0 0.707099974 -0.707099974 -0 0.382699996 -0.923900008 -0 0.195099995 -0.980799973 -0 0.382699996 -0.923900008 -0 0.707099974 -0.707099974 -0 0.707099974 -0.707099974 -0 -0.195099995 -0.980799973 -0 -0.195099995 -0.980799973 -0 -0 -1 -0 -0.555599988 -0.831499994 -0 -0.555599988 -0.831499994 -0 -0.382699996 -0.923900008 -0 -0.382699996 -0.923900008 -0 -0.831499994 -0.555599988 -0 -0.831499994 -0.555599988 -0 -0.707099974 -0.707099974 -0 -0.923900008 -0.382699996 -0 -0.980799973 -0.195099995 -0 -0.923900008 -0.382699996 -0 -0.707099974 -0.707099974 -0 -0.707099974 -0.707099974 -0 -0 -1 -0 1 -0 -0 0.831499994 -0.555599988 -0 0.707099974 -0.707099974 -0 0.195099995 -0.980799973 -0 -0.707099974 -0.707099974 -0 -0.980799973 -0.195099995 -0 -1 -0 -0 -1 -0 -0 0.980799973 0.195099995 -0 -0.980799973 0.195099995 -0 -0.980799973 0.195099995 -0 -0.831499994 0.555599988 -0 -0.831499994 0.555599988 -0 -0.923900008 0.382699996 -0 -0.923900008 0.382699996 -0 -0.555599988 0.831499994 -0 -0.555599988 0.831499994 -0 -0.707099974 0.707099974 -0 -0.195099995 0.980799973 -0 -0.195099995 0.980799973 -0 -0.382699996 0.923900008 -0 -0.382699996 0.923900008 -0 -0.707099974 0.707099974 -0 -0.707099974 0.707099974 -0 0.195099995 0.980799973 -0 0.195099995 0.980799973 -0 -0 1 -0 0.382699996 0.923900008 -0 0.555599988 0.831499994 -0 0.382699996 0.923900008 -0 0.831499994 0.555599988 -0 0.831499994 0.555599988 -0 0.707099974 0.707099974 -0 0.980799973 0.195099995 -0 0.923900008 0.382699996 -0 0.923900008 0.382699996 -0 0.555599988 0.831499994 -0 0.707099974 0.707099974 -0 -0 1 -0 -0.707099974 0.707099974 -0 0.707099974 0.707099974 -0 0.707099974 0.707099974 -0 1 -0 -0 1 -0 -0 1 -0 -0 1 -0 -0 1 -0 -0 1 -0 -0 1 -0 -0 1 -0 -0 1 -0 -0 1 -0 -0 1 -0 -0 1 -0 -0 1 -0 -0 1 -0 -0 1 -0 -0 1 -0 -0 1 -0 -0 1 -0 -0 1 -0 -0 1 -0 -0 1 -0 -0 1 -0 -0 1 -0 -0 1 -0 -0 1 -0 -0 1 -0 -0 1 -0 -0 -0 1 -0 -0 1 -0 -0 1 -0 -0 1 -1 -0 -0 -1 -0 -0 -1 -0 -0 -1 -0 -0 -1 -0 -0 -1 -0 -0 -1 -0 -0 -1 -0 -0 -1 -0 -0 -1 -0 -0 -1 -0 -0 -1 -0 -0 -1 -0 -0 -1 -0 -0 -1 -0 -0 -1 -0 -0 -1 -0 -0 -1 -0 -0 -1 -0 -0 -1 -0 -0 -1 -0 -0 -1 -0 -0 -1 -0 -0 -1 -0 -0 -1 -0 -0 -1 -0 -0 -1 -0 -0 -1 -0 -0 -1 -0 -0 -1 -0 -0 -1 -0 -0 -1 -0 -0 -1 -0 -0 -1 -0 -0 -1 -0 -0 -1 -0 -0 -1 -0 -0 -1 -0 -0 -1 -0 -0 -1 -0 -0 -1 -0 -0 -1 -0 -0 -1 -0 -0 -1 -0 -0 -1 -0 -0 -1 -0 -0 -1 -0 -0 -1 -0 -0 -1 -0 -0 -1 -0 -0 -0 -1 -0 -0 -0.980799973 0.195099995 -0 -0.980799973 0.195099995 -0 -0.923900008 0.382699996 -0 -0.831499994 0.555599988 -0 -0.831499994 0.555599988 -0 -0.923900008 0.382699996 -0 -0.707099974 0.707099974 -0 -0.555599988 0.831499994 -0 -0.555599988 0.831499994 -0 -0.382699996 0.923900008 -0 -0.195099995 0.980799973 -0 -0.195099995 0.980799973 -0 -0.382699996 0.923900008 -0 -0.707099974 0.707099974 -0 -0.707099974 0.707099974 -0 -0 1 -0 0.195099995 0.980799973 -0 0.195099995 0.980799973 -0 0.382699996 0.923900008 -0 0.555599988 0.831499994 -0 0.555599988 0.831499994 -0 0.382699996 0.923900008 -0 0.707099974 0.707099974 -0 0.831499994 0.555599988 -0 0.831499994 0.555599988 -0 0.923900008 0.382699996 -0 0.980799973 0.195099995 -0 0.980799973 0.195099995 -0 0.923900008 0.382699996 -0 0.707099974 0.707099974 -0 0.707099974 0.707099974 -0 -0 1 -0 -1 -0 -0 -0.707099974 0.707099974 -0 0.707099974 0.707099974 -0 1 -0 -0 1 -0 -0 -0.980799973 -0.195099995 -0 0.980799973 -0.195099995 -0 0.980799973 -0.195099995 -0 0.923900008 -0.382699996 -0 0.831499994 -0.555599988 -0 0.831499994 -0.555599988 -0 0.923900008 -0.382699996 -0 0.707099974 -0.707099974 -0 0.555599988 -0.831499994 -0 0.555599988 -0.831499994 -0 0.382699996 -0.923900008 -0 0.195099995 -0.980799973 -0 0.195099995 -0.980799973 -0 0.382699996 -0.923900008 -0 0.707099974 -0.707099974 -0 0.707099974 -0.707099974 -0 -0 -1 -0 -0.195099995 -0.980799973 -0 -0.195099995 -0.980799973 -0 -0.382699996 -0.923900008 -0 -0.555599988 -0.831499994 -0 -0.555599988 -0.831499994 -0 -0.382699996 -0.923900008 -0 -0.707099974 -0.707099974 -0 -0.831499994 -0.555599988 -0 -0.831499994 -0.555599988 -0 -0.923900008 -0.382699996 -0 -0.980799973 -0.195099995 -0 -0.923900008 -0.382699996 -0 -0.707099974 -0.707099974 -0 -0.707099974 -0.707099974 -0 -0 -1 -0 0.707099974 -0.707099974 -0 -0.707099974 -0.707099974 -0 0.57889998 -0.815400004 -0 0.57889998 -0.815400004 -0 0.733299971 -0.679899991 -0 0.204400003 -0.978900015 -0 0.204400003 -0.978900015 -0 0.400099993 -0.916499972 -0 0.400099993 -0.916499972 -0 0.733299971 -0.679899991 -0 -0 -1 -0 -0 -1 -0 -0.400099993 -0.916499972 -0 -0.400099993 -0.916499972 -0 -0.204400003 -0.978900015 -0 -0.733299971 -0.679899991 -0 -0.733299971 -0.679899991 -0 -0.57889998 -0.815400004 -0 -0.57889998 -0.815400004 -0 -0.204400003 -0.978900015 -0 1 -0 -0 1 -0 -0 1 -0 -0 1 -0 -0 -0.57889998 0.815400004 -0 -0.57889998 0.815400004 -0 -0.733299971 0.679899991 -0 -0.204400003 0.978900015 -0 -0.204400003 0.978900015 -0 -0.400099993 0.916499972 -0 -0.400099993 0.916499972 -0 -0.733299971 0.679899991 -0 -0 1 -0 -0 1 -0 0.400099993 0.916499972 -0 0.400099993 0.916499972 -0 0.204400003 0.978900015 -0 0.733299971 0.679899991 -0 0.733299971 0.679899991 -0 0.57889998 0.815400004 -0 0.57889998 0.815400004 -0 0.204400003 0.978900015 -0 -1 -0 -0 -1 -0 -0 -1 -0 -0 -1 -0 -0.382600009 0.923900008 -0 -1 9.99999975e-05 -0 -0.923900008 0.37529999 0.0746999979 -0.382600009 0.906099975 0.180199996 -0.382699996 0.76819998 0.513300002 -0.382600009 0.513300002 0.76819998 -0.382600009 0.653299987 0.653299987 -0.382600009 0.853600025 0.353599995 -1 9.99999975e-05 -0 -0.923900008 0.353500009 0.146400005 -0.923900008 0.382699996 -0 -0.923900008 0.318199992 0.212599993 -0.707099974 0.653299987 0.270599991 -0.707099974 0.587899983 0.39289999 -0.707099974 0.693499982 0.137999997 -0.923900008 0.270599991 0.270599991 -0.923900008 0.212599993 0.318199992 -0.923900008 0.146500006 0.353599995 -0.707099974 0.39289999 0.587899983 -0.707099974 0.5 0.5 -1 9.99999975e-05 -0 -0.382699996 0.180199996 0.906099975 -0.382600009 -0.180199996 0.906099975 -0.382699996 -0 0.923900008 -0.382600009 -0.513300002 0.76819998 -0.382699996 -0.76819998 0.513300002 -0.382699996 -0.853500009 0.353599995 -0.382600009 -0.653299987 0.653299987 -0.382699996 -0.353599995 0.853500009 -0.923900008 0.0746999979 0.375400007 -0.923900008 -0 0.382699996 -1 -0 9.99999975e-05 -0.923900008 -0.0746999979 0.375400007 -1 -0 9.99999975e-05 -0.923900008 -0.146500006 0.353599995 -0.707099974 0.137999997 0.693499982 -0.923900008 -0.212599993 0.318199992 -0.923900008 -0.318199992 0.212599993 -0.923900008 -0.353599995 0.146500006 -1 -9.99999975e-05 -0 -0.923900008 -0.270599991 0.270599991 -0.923900008 -0.37529999 0.0746999979 -1 -9.99999975e-05 -0 -0.382699996 0.353599995 0.853600025 -0.707099974 0.270599991 0.653299987 -0.707099974 0.707099974 -0 -0.707099974 0.693499982 0.137999997 -0.707099974 0.707099974 -0 -0.707099974 0.653299987 0.270599991 -0.707099974 0.587899983 0.39289999 -0.707099974 0.5 0.5 -0.382600009 0.653299987 0.653299987 -0.707099974 -0 0.707099974 -0.707099974 0.39289999 0.587899983 -0.707099974 0.270599991 0.653299987 -0.707099974 0.137999997 0.693499982 -0.707099974 -0.137999997 0.693499982 -0.707099974 0.5 0.5 -0.707099974 -0 0.707099974 -0.707099974 -0.137999997 0.693499982 -0.707099974 0.693499982 -0.137999997 -0.707099974 -0.39289999 0.587899983 -0.707099974 -0.270599991 0.653299987 -0.707099974 -0.270599991 0.653299987 -0.707099974 -0.39289999 0.587899983 -0.707099974 -0.5 0.5 -0.707099974 -0.587899983 0.39289999 -0.707099974 -0.653299987 0.270599991 -0.707099974 -0.693499982 0.137999997 -0.707099974 -0.5 0.5 -0.382600009 -0.653299987 0.653299987 -0.707099974 -0.5 0.5 -0.707099974 -0.587899983 0.39289999 -0.707099974 -0.653299987 0.270599991 -0.707099974 -0.693499982 0.137999997 -0.382699996 -0.906099975 0.180199996 -0.707099974 -0.707099974 -0 -0.382699996 -0.923900008 -0 -0.923900008 -0.382699996 -0 -0.707099974 -0.707099974 -0 -0.923900008 0.375400007 -0.0746999979 -1 -9.99999975e-05 -0 -0.382600009 -0.906099975 -0.180199996 -0.382699996 -0.76819998 -0.513300002 -0.382600009 -0.513300002 -0.76819998 -0.382600009 -0.653299987 -0.653299987 -0.382600009 -0.853600025 -0.353599995 -0.923900008 -0.37529999 -0.0746999979 -1 -9.99999975e-05 -0 -0.923900008 -0.353599995 -0.146500006 -0.707099974 -0.653299987 -0.270599991 -0.923900008 -0.318199992 -0.212599993 -0.707099974 -0.587899983 -0.39289999 -0.707099974 -0.693499982 -0.137999997 -0.923900008 -0.270599991 -0.270599991 -0.923900008 -0.212599993 -0.318199992 -0.923900008 -0.146500006 -0.353599995 -0.707099974 -0.39289999 -0.587899983 -0.707099974 -0.5 -0.5 -0.382699996 -0.180199996 -0.906099975 -0.382600009 0.180199996 -0.906099975 -0.382699996 -0 -0.923900008 -0.923900008 -0.0746999979 -0.375400007 -0.382699996 0.653299987 -0.653299987 -0.382699996 0.76819998 -0.513300002 -0.382699996 0.853500009 -0.353599995 -0.382699996 0.653299987 -0.653299987 -0.382699996 0.513300002 -0.76819998 -0.923900008 -0 -0.382699996 -1 -0 -9.99999975e-05 -0.923900008 0.0746999979 -0.375400007 -0.923900008 0.146500006 -0.353599995 -0.707099974 -0.137999997 -0.693499982 -0.923900008 0.212599993 -0.318199992 -0.923900008 0.318199992 -0.212599993 -0.923900008 0.353599995 -0.146500006 -1 9.99999975e-05 -0 -0.923900008 0.270599991 -0.270599991 -0.382699996 -0.353599995 -0.853600025 -0.707099974 -0.270599991 -0.653299987 -0.707099974 -0.693499982 -0.137999997 -0.707099974 -0.653299987 -0.270599991 -0.707099974 -0.587899983 -0.39289999 -0.707099974 -0.5 -0.5 -0.382600009 -0.653299987 -0.653299987 -0.707099974 -0 -0.707099974 -0.707099974 -0.39289999 -0.587899983 -0.707099974 -0.270599991 -0.653299987 -0.707099974 -0.137999997 -0.693499982 -0.707099974 0.137999997 -0.693499982 -0.707099974 -0.5 -0.5 -0.707099974 -0 -0.707099974 -0.707099974 0.137999997 -0.693499982 -0.707099974 0.39289999 -0.587899983 -0.707099974 0.270599991 -0.653299987 -0.382699996 0.353599995 -0.853500009 -0.707099974 0.270599991 -0.653299987 -0.707099974 0.39289999 -0.587899983 -0.707099974 0.5 -0.5 -0.707099974 0.587899983 -0.39289999 -0.707099974 0.653299987 -0.270599991 -0.707099974 0.693499982 -0.137999997 -0.707099974 0.5 -0.5 -0.707099974 0.5 -0.5 -0.707099974 0.587899983 -0.39289999 -0.707099974 0.653299987 -0.270599991 -0.382699996 0.906099975 -0.180199996 -1 -0 -0 -1 -0 -0 -1 -0 -0 -1 -0 -0 -1 -0 -0 -1 -0 -0 -1 -0 -0 -1 -0 -0 -1 -0 -0 -1 -0 -0 -1 -0 -0 -1 -0 -0 -1 -0 -0 -1 -0 -0 -1 -0 -0 -1 -0 -0 -1 -0 -0 -1 -0 -0 -1 -0 -0 -1 -0 -0 -1 -0 -0 -1 -0 -0 -1 -0 -0 -1 -0 -0 -1 -0 -0 -1 -0 -0 -1 -0 -0 -1 -0 -0 -1 -0 -0 -1 -0 -0 -1 -0 -0 -1 -0 -0 -1 -0 -0 -1 -0 -0 -1 -0 -0 -1 -0 -0 -1 -0 -0 -1 -0 -0 -1 -0 -0 -1 -0 -0 -1 -0 -0 -1 -0 -0 -1 -0 -0 -1 -0 -0 -1 -0 -0 -1 -0 -0 -1 -0 -0 -1 -0 -0 -1 -0 -0 -1 -0 -0 -1 -0 -0 -1 -0 -0 -1 -0 -0 -1 -0 -0 -1 -0 -0 -1 -0 -0 -1 -0 -0 -1 -0 -0 -1 -0 -0 1 -0 -0 1 -0 -0 1 -0 -0 1 -0 -0 1 -0 -0 1 -0 -0 1 -0 -0 1 -0 -0 1 -0 -0 1 -0 -0 1 -0 -0 1 -0 -0 1 -0 -0 1 -0 -0 1 -0 -0 1 -0 -0 1 -0 -0 1 -0 -0 1 -0 -0 -1 -0 -0 -1 -0 -0 -1 -0 -0 -1 -0 -0 -1 -0 -0 -1 -0 -0 -1 -0 -0 -1 -0 -0 -1 -0 -0 -1 -0 -0 -1 -0 -0 -1 -0 -0 -1 -0 -0 -1 -0 -0 -1 -0 -0 -1 -0 -0 -1 -0 -0 -1 -0 -0 -1 -0 -0 -0.980799973 -0 -0.195099995 -0.980799973 -0 -0.195099995 -0.923900008 -0 -0.382699996 -0.923900008 -0 -0.382699996 -0.707099974 -0 -0.707099974 -0.707099974 -0 -0.707099974 -0.831499994 -0 -0.555599988 -0.831499994 -0 -0.555599988 -0.707099974 -0 -0.707099974 -0.707099974 -0 -0.707099974 -0.707099974 -0 -0.707099974 -0.707099974 -0 -0.707099974 -0.980799973 -0 -0.195099995 -0.980799973 -0 -0.195099995 -0.923900008 -0 -0.382699996 -0.923900008 -0 -0.382699996 -0.831499994 -0 -0.555599988 -0.707099974 -0 -0.707099974 -0.707099974 -0 -0.707099974 -0.831499994 -0 -0.555599988 1 -0 -0 1 -0 -0 1 -0 -0 1 -0 -0 1 -0 -0 1 -0 -0 1 -0 -0 1 -0 -0 1 -0 -0 1 -0 -0 1 -0 -0 1 -0 -0 1 -0 -0 1 -0 -0 1 -0 -0 1 -0 -0 1 -0 -0 1 -0 -0 1 -0 -0 1 -0 -0 1 -0 -0 1 -0 -0 1 -0 -0 1 -0 -0 1 -0 -0 1 -0 -0 1 -0 -0 1 -0 -0 1 -0 -0 1 -0 -0 1 -0 -0 1 -0 -0 1 -0 -0 1 -0 -0 1 -0 -0 1 -0 -0 1 -0 -0 1 -0 -0 1 -0 -0 1 -0 -0 1 -0 -0 1 -0 -0 1 -0 -0 1 -0 -0 1 -0 -0 1 -0 -0 1 -0 -0 1 -0 -0 1 -0 -0 1 -0 -0 1 -0 -0 1 -0 -0 1 -0 -0 1 -0 -0 1 -0 -0 1 -0 -0 1 -0 -0 1 -0 -0 1 -0 -0 0.923900008 -0 0.382699996 0.923900008 -0 0.382699996 0.707099974 -0 0.707099974 0.707099974 -0 0.707099974 0.707099974 -0 0.707099974 0.707099974 -0 0.707099974 0.707099974 -0 0.707099974 0.707099974 -0 0.707099974 0.980799973 -0 0.195099995 0.980799973 -0 0.195099995 0.923900008 -0 0.382699996 0.923900008 -0 0.382699996 0.831499994 -0 0.555599988 0.707099974 -0 0.707099974 0.707099974 -0 0.707099974 0.831499994 -0 0.555599988 -0 -1 -0 -0 -1 -0 -0 -1 -0 -0 -1 -0 -0 -1 -0 -0 -1 -0 -0 -1 -0 -0 -1 -0 -0 -1 -0 -0 -1 -0 -0 -1 -0 -0 -1 -0 -0 -1 -0 -0 -1 -0 -0 -1 -0 -0 -1 -0 -0 -1 -0 -0 -1 -0 -0 -1 -0 -0 -1 -0 -0 -1 -0 -0 -1 -0 -0 -1 -0 -0 -1 -0 -0 -1 -0 -0 -1 -0 -0 -1 -0 -0 -1 -0 -0 -1 -0 -0 -1 -0 -0 -1 -0 -0 -1 -0 -0 -1 -0 -0 -1 -0 -0 -1 -0 -0 -1 -0 -0 -1 -0 -0 -1 -0 1 -0 -0 1 -0 -0 1 -0 -0 1 -0 -0 1 -0 -0 1 -0 -0 1 -0 -0 1 -0 -0 1 -0 -0 1 -0 -0 1 -0 -0 1 -0 -0 1 -0 -0 1 -0 -0 1 -0 -0 1 -0 -0 1 -0 -0 1 -0 -0 1 -0 -0 1 -0 -0 1 -0 -0 1 -0 -0 1 -0 -0 1 -0 -0 1 -0 -0 1 -0 -0 1 -0 -0 1 -0 -0 1 -0 -0 1 -0 -0 1 -0 -0 1 -0 -0 1 -0 -0 1 -0 -0 1 -0 -0 1 -0 -0 1 -0 -0 1 -0 -0 1 -0 -0 1 -0 -0 1 -0 -0 1 -0 -0 1 -0 -0 1 -0 -0 1 -0 -0 1 -0 -0 1 -0 -0 1 -0 -0 1 -0 -0 1 -0 -0 -0 0.195099995 -0.980799973 -0 0.382699996 -0.923900008 -0 0.382699996 -0.923900008 -0 -0 -1 -0 0.195099995 -0.980799973 -0 -0 -1 -0 0.555599988 -0.831499994 -0 0.555599988 -0.831499994 -0 0.980799973 -0.195099995 -0 0.707099974 -0.707099974 -0 0.831499994 -0.555599988 -0 0.831499994 -0.555599988 -0 0.923900008 -0.382699996 -0 0.980799973 -0.195099995 -0 0.923900008 -0.382699996 -0 0.707099974 -0.707099974 -0 0.707099974 -0.707099974 -0 0.707099974 -0.707099974 -0 -0.195099995 -0.980799973 -0 -0.382699996 -0.923900008 -0 -0.382699996 -0.923900008 -0 -0.195099995 -0.980799973 -0 -0.555599988 -0.831499994 -0 -0.555599988 -0.831499994 -0 -0.980799973 -0.195099995 -0 -0.707099974 -0.707099974 -0 -0.831499994 -0.555599988 -0 -0.831499994 -0.555599988 -0 -0.923900008 -0.382699996 -0 -0.980799973 -0.195099995 -0 -0.923900008 -0.382699996 -0 -0.707099974 -0.707099974 -0 -0.707099974 -0.707099974 -0 -0.707099974 -0.707099974 -0 0.195099995 0.980799973 -0 0.195099995 0.980799973 -0 0.382699996 0.923900008 -0 0.555599988 0.831499994 -0 0.555599988 0.831499994 -0 0.382699996 0.923900008 -0 0.707099974 0.707099974 -0 0.707099974 0.707099974 -0 0.831499994 0.555599988 -0 0.923900008 0.382699996 -0 0.923900008 0.382699996 -0 0.980799973 0.195099995 -0 0.980799973 0.195099995 -0 0.707099974 0.707099974 -0 0.707099974 0.707099974 -0 0.831499994 0.555599988 -0.923900008 -0 -0.382699996 -0.923900008 -0 -0.382699996 -0.707099974 -0 -0.707099974 -0.707099974 -0 -0.707099974 -0 -0 -1 -0 -0 -1 -0.382699996 -0 -0.923900008 -0.382699996 -0 -0.923900008 -0.707099974 -0 -0.707099974 -0.707099974 -0 -0.707099974 -0 -0 -1 -0 -0 -1 -1 -0 -0 -1 -0 -0 -1 -0 -0 -1 -0 -0 -0 -0 1 -0 -0 1 -0 -0 1 -0 -0 1 0.980799973 -0 0.195099995 0.980799973 -0 0.195099995 0.923900008 -0 0.382699996 0.831499994 -0 0.555599988 0.831499994 -0 0.555599988 0.923900008 -0 0.382699996 0.707099974 -0 0.707099974 0.707099974 -0 0.707099974 0.555599988 -0 0.831499994 0.382699996 -0 0.923900008 0.382699996 -0 0.923900008 0.195099995 -0 0.980799973 0.195099995 -0 0.980799973 0.707099974 -0 0.707099974 0.707099974 -0 0.707099974 0.555599988 -0 0.831499994 -0 1 -0 -0 1 -0 -0 1 -0 -0 1 -0 -0 1 -0 -0 1 -0 -0 1 -0 -0 1 -0 -0 1 -0 -0 1 -0 -0 1 -0 -0 1 -0 -0 1 -0 -0 1 -0 -0 1 -0 -0 1 -0 -0 -0 1 -0 -0 1 -0 -0 1 -0 -0 1 -0 -0 1 -0 -0 1 -0 -0 1 -0 -0 1 -0 -0 1 -0 -0 1 -0 -0 1 -0 -0 1 -0 -0 1 -0 -0 1 -0 -0 1 -0 -0 1 -0 -0 -1 -0 -0 -1 -0 -0 -1 -0 -0 -1 -0 -0 -1 -0 -0 -1 -0 -0 -1 -0 -0 -1 -0 -0 -1 -0 -0 -1 -0 -0 -1 -0 -0 -1 -0 -0 -1 -0 -0 -1 -0 -0 -1 -0 -0 -1 -0 1 -0 0.195099995 0.980799973 -0 -0 1 -0 0.382699996 0.923900008 -0 0.382699996 0.923900008 -0 0.555599988 0.831499994 -0 0.555599988 0.831499994 -0 0.195099995 0.980799973 -0 0.707099974 0.707099974 -0 0.707099974 0.707099974 -0 0.831499994 0.555599988 -0 0.831499994 0.555599988 -0 0.923900008 0.382699996 -0 0.980799973 0.195099995 -0 0.923900008 0.382699996 -0 0.980799973 0.195099995 -0 0.707099974 0.707099974 -0 0.707099974 0.707099974 -0 -0 1 -0 -0 1 -0 -1 -0 -0 -1 -0 -0 -1 -0 -0 -1 -0 -0 -0 -1 -0 -0 -1 -0 -0 -1 -0 -0 -1 -0 -0.382699996 -0.923900008 -0 -0.382699996 -0.923900008 -0 -0.707099974 -0.707099974 -0 -0.707099974 -0.707099974 -0 -0.923900008 -0.382699996 -0 -0.923900008 -0.382699996 -0 -0.707099974 -0.707099974 -0 -0.707099974 -0.707099974 -0 -0 0.923900008 -0.382699996 -0 0.923900008 -0.382699996 -0 0.707099974 -0.707099974 -0 0.707099974 -0.707099974 -0 0.382699996 -0.923900008 -0 0.382699996 -0.923900008 -0 0.707099974 -0.707099974 -0 0.707099974 -0.707099974 -0 0.923900008 0.382699996 -0 0.923900008 0.382699996 -0 0.382699996 0.923900008 -0 0.707099974 0.707099974 -0 0.707099974 0.707099974 -0 0.707099974 0.707099974 -0 0.382699996 0.923900008 -0 0.707099974 0.707099974 -0 0.923900008 0.382699996 -0 0.923900008 0.382699996 -0 0.707099974 0.707099974 -0 0.707099974 0.707099974 -0 0.382699996 0.923900008 -0 0.382699996 0.923900008 -0 0.707099974 0.707099974 -0 0.707099974 0.707099974 1 -0 -0 1 -0 -0 1 -0 -0 1 -0 -0 1 -0 -0 1 -0 -0 1 -0 -0 1 -0 -0 1 -0 -0 1 -0 -0 1 -0 -0 1 -0 -0 1 -0 -0 1 -0 -0 1 -0 -0 1 -0 -0 1 -0 -0 1 -0 -0 1 -0 -0 1 -0 -0 1 -0 -0 1 -0 -0 1 -0 -0 1 -0 -0 1 -0 -0 1 -0 -0 1 -0 -0 1 -0 -0 1 -0 -0 1 -0 -0 1 -0 -0 1 -0 -0 1 -0 -0 1 -0 -0 1 -0 -0 1 -0 -0 1 -0 -0 1 -0 -0 1 -0 -0 1 -0 -0 1 -0 -0 1 -0 -0 1 -0 -0 1 -0 -0 1 -0 -0 1 -0 -0 1 -0 -0 1 -0 -0 1 -0 -0 1 -0 -0 1 -0 -0 1 -0 -0 1 -0 -0 1 -0 -0 1 -0 -0 1 -0 -0 1 -0 -0 1 -0 -0 1 -0 -0 1 -0 -0 1 -0 -0 1 -0 -0 1 -0 -0 1 -0 -0 -0 -0.980799973 -0.195099995 -0 -0.980799973 -0.195099995 -0 -1 -0 -0 -0.831499994 -0.555599988 -0 -0.831499994 -0.555599988 -0 -0.923900008 -0.382699996 -0 -0.923900008 -0.382699996 -0 -0.555599988 -0.831499994 -0 -0.555599988 -0.831499994 -0 -0.707099974 -0.707099974 -0 -0.195099995 -0.980799973 -0 -0.195099995 -0.980799973 -0 -0.382699996 -0.923900008 -0 -0.382699996 -0.923900008 -0 -0.707099974 -0.707099974 -0 -0.707099974 -0.707099974 -0 0.195099995 -0.980799973 -0 0.195099995 -0.980799973 -0 -0 -1 -0 0.555599988 -0.831499994 -0 0.555599988 -0.831499994 -0 0.382699996 -0.923900008 -0 0.382699996 -0.923900008 -0 0.831499994 -0.555599988 -0 0.831499994 -0.555599988 -0 0.707099974 -0.707099974 -0 0.980799973 -0.195099995 -0 0.980799973 -0.195099995 -0 0.923900008 -0.382699996 -0 0.923900008 -0.382699996 -0 0.707099974 -0.707099974 -0 0.707099974 -0.707099974 -0 -0 -1 -0 -1 -0 -0 -0.707099974 -0.707099974 -0 0.707099974 -0.707099974 -0 1 -0 -0 1 -0 -0 -0.980799973 0.195099995 -0 0.980799973 0.195099995 -0 0.980799973 0.195099995 -0 0.831499994 0.555599988 -0 0.831499994 0.555599988 -0 0.923900008 0.382699996 -0 0.923900008 0.382699996 -0 0.555599988 0.831499994 -0 0.555599988 0.831499994 -0 0.707099974 0.707099974 -0 0.195099995 0.980799973 -0 0.195099995 0.980799973 -0 0.382699996 0.923900008 -0 0.382699996 0.923900008 -0 0.707099974 0.707099974 -0 0.707099974 0.707099974 -0 -0.195099995 0.980799973 -0 -0.195099995 0.980799973 -0 -0 1 -0 -0.555599988 0.831499994 -0 -0.555599988 0.831499994 -0 -0.382699996 0.923900008 -0 -0.382699996 0.923900008 -0 -0.831499994 0.555599988 -0 -0.831499994 0.555599988 -0 -0.707099974 0.707099974 -0 -0.980799973 0.195099995 -0 -0.923900008 0.382699996 -0 -0.923900008 0.382699996 -0 -0.707099974 0.707099974 -0 -0.707099974 0.707099974 -0 -0 1 -0 0.707099974 0.707099974 -0 -0.707099974 0.707099974 </float_array>
          <technique_common>
            <accessor count="1026" offset="0" source="#meshesQ1S-normals-array" stride="3">
              <param name="X" type="float" />
              <param name="Y" type="float" />
              <param name="Z" type="float" />
            </accessor>
          </technique_common>
        </source>
        <source id="meshesQ1S-tex0" name="meshesQ1S-tex0">
          <float_array id="meshesQ1S-tex0-array" count="2052"> 0.000605000008 0.967499971 0.000605000008 0.965499997 -0 0.965499997 0.00118599995 0.967499971 0.00172199996 0.965499997 0.00118599995 0.965499997 -0.00172199996 0.967499971 -0.00172199996 0.965499997 -0.00219199993 0.965499997 -0.00118599995 0.967499971 -0.000605000008 0.965499997 -0.00118599995 0.965499997 0.00219199993 0.967499971 0.00219199993 0.965499997 0.000605000008 0.967499971 0.000605000008 0.965499997 0 0.965499997 0.00172199996 0.967499971 0.00172199996 0.965499997 0.00118599995 0.965499997 0.00118599995 0.967499971 -0.00172199996 0.967499971 -0.00172199996 0.965499997 -0.00219199993 0.965499997 -0.00118599995 0.967499971 -0.000605000008 0.965499997 -0.00118599995 0.965499997 0.00219199993 0.967499971 0.00219199993 0.965499997 -0 0.967499971 0 0.967499971 0.00172199996 0.967499971 -0.00219199993 0.967499971 -0.000605000008 0.967499971 -0.00219199993 0.967499971 -0.000605000008 0.967499971 -0 0.967499971 -0 0.965499997 -0.000605000008 0.967499971 0.000605000008 0.967499971 0.000605000008 0.965499997 0.00172199996 0.967499971 0.00172199996 0.965499997 0.00118599995 0.965499997 0.00118599995 0.967499971 -0.00172199996 0.967499971 -0.00172199996 0.965499997 -0.00219199993 0.965499997 -0.000605000008 0.967499971 -0.000605000008 0.965499997 -0.00118599995 0.965499997 -0.00118599995 0.967499971 0.00219199993 0.967499971 0.00219199993 0.965499997 0.000605000008 0.967499971 0.000605000008 0.965499997 0 0.965499997 0.00118599995 0.967499971 0.00172199996 0.965499997 0.00118599995 0.965499997 -0.00172199996 0.967499971 -0.00172199996 0.965499997 -0.00219199993 0.965499997 -0.000605000008 0.965499997 -0.00118599995 0.965499997 -0.00118599995 0.967499971 0.00172199996 0.967499971 0.00219199993 0.965499997 -0 0.967499971 -0.00219199993 0.967499971 -0.00219199993 0.967499971 0.00219199993 0.967499971 -0.00150000001 0.967499971 0.00146399997 0.967499971 0.00146399997 0.964999974 -0.00150000001 0.964999974 -0.0258029997 0.949196994 -0.0291930009 0.949881017 -0.0283289999 0.950343013 -0.0301309992 0.949595988 -0.0269399993 0.948264003 -0.0845360011 0.949500024 -0.0311069991 0.947000027 -0.0845360011 0.947000027 -0.0311069991 0.949500024 -0.0282359999 0.94757098 -0.0296429992 0.947144032 -0.0275710002 0.950963974 -0.0200360008 0.958500028 -0.0107319998 0.964267969 -0.0117419995 0.966656983 -0.0108780004 0.967118979 -0.00749999983 0.967499971 -0.00896400027 0.967499971 -0.00994000025 0.967404008 -0.00749999983 0.964999974 -0.0125000002 0.966036022 -0.00992100034 0.964810014 -0.00896400027 0.964999974 0 0.967499971 0.00249999994 0.967499971 0.00249999994 0.964999974 -0 0.964999974 -0.002446 1.001737 -0.00332599995 1.00222194 -0.00282800011 1.002828 -0.00274899998 1.00119996 -0.00203999993 1.00220001 -0.00222199992 1.00332606 -0.00153100002 1.00369596 -0.000780000002 1.00392306 -0.00392299984 1.00077999 -0.00369599997 1.001531 -0.00293700001 1.00061297 -0.00400000019 1 -0.00300000003 1 -0.00392299984 0.999220014 0.00203999993 1.00220001 0.000780000002 1.00392306 0.00153100002 1.00369596 0 1.00399995 0.00282800011 1.002828 0.00222199992 1.00332606 0.00332599995 1.00222194 0.00274899998 1.00119996 0.002446 1.001737 0.00369599997 1.001531 0.00300000003 1 0.00293700001 1.00061297 0.00392299984 1.00077999 -0.00369599997 0.998468995 -0.00293700001 0.999387026 -0.00274899998 0.99879998 -0.002446 0.998263001 -0.00332599995 0.997777998 -0.00203999993 0.997799993 -0.00282800011 0.997171998 -0.00222199992 0.996674001 -0.00153100002 0.996303976 -0 0.995999992 -0.000780000002 0.996077001 0.00203999993 0.997799993 0.00369599997 0.998468995 0.00274899998 0.99879998 0.00293700001 0.999387026 0.00392299984 0.999220014 0.00400000019 1 0.00332599995 0.997777998 0.00153100002 0.996303976 0.000780000002 0.996077001 0.00222199992 0.996674001 0.002446 0.998263001 0.00282800011 0.997171998 0 0.967499971 -0.000877999992 0.967499971 -0.000877999992 0.967999995 -0.00172199996 0.967499971 -0.00249999994 0.967499971 -0.00249999994 0.967999995 -0.00172199996 0.967999995 0.00318200001 0.967499971 0.00249999994 0.967499971 0.00249999994 0.967999995 0.00172199996 0.967499971 0.000877999992 0.967499971 0.000877999992 0.967999995 0.00172199996 0.967999995 -0.00318200001 0.967499971 -0.00318200001 0.967999995 -0 0.967499971 -0.000877999992 0.967499971 -0.000877999992 0.967999995 -0.00172199996 0.967499971 -0.00249999994 0.967499971 -0.00249999994 0.967999995 -0.00172199996 0.967999995 0.00318200001 0.967499971 0.00249999994 0.967499971 0.00249999994 0.967999995 0.00172199996 0.967499971 0.000877999992 0.967499971 0.000877999992 0.967999995 0.00172199996 0.967999995 -0.00318200001 0.967499971 -0.00318200001 0.967999995 -0 0.967999995 0 0.967999995 0.00318200001 0.967999995 0.00318200001 0.967999995 -0 0.967499971 0 0.967999995 0.000877999992 0.967999995 -0.000877999992 0.967499971 -0.000877999992 0.967999995 -0.00172199996 0.967499971 -0.00249999994 0.967499971 -0.00249999994 0.967999995 -0.00172199996 0.967999995 0.00318200001 0.967499971 0.00249999994 0.967499971 0.00249999994 0.967999995 0.00172199996 0.967499971 0.000877999992 0.967499971 0.000877999992 0.967999995 0.00172199996 0.967999995 -0.00318200001 0.967499971 -0.00318200001 0.967999995 -0 0.967499971 -0.000877999992 0.967499971 -0.000877999992 0.967999995 -0.00172199996 0.967499971 -0.00249999994 0.967499971 -0.00249999994 0.967999995 -0.00172199996 0.967999995 0.00318200001 0.967499971 0.00249999994 0.967499971 0.00249999994 0.967999995 0.00172199996 0.967499971 0.000877999992 0.967499971 0.00172199996 0.967999995 -0.00318200001 0.967499971 -0.00318200001 0.967999995 -0 0.967999995 0.00318200001 0.967999995 0.00318200001 0.967999995 -0.00173699996 0.968500018 -0.00173699996 0.967499971 -0.00219999999 0.967499971 -0.000613000011 0.968500018 -0.000613000011 0.967499971 -0.00120000006 0.967499971 -0.00120000006 0.968500018 -0.00219999999 0.968500018 0 0.968500018 0 0.967499971 0.00120000006 0.968500018 0.00120000006 0.967499971 0.000613000011 0.967499971 0.00219999999 0.968500018 0.00219999999 0.967499971 0.00173699996 0.967499971 0.00173699996 0.968500018 0.000613000011 0.968500018 -0.00203999993 0.968500018 0.00203999993 0.968500018 0.00203999993 0.967499971 -0.00203999993 0.967499971 -0.00173699996 0.968500018 -0.00173699996 0.967499971 -0.00219999999 0.967499971 -0.000613000011 0.968500018 -0.000613000011 0.967499971 -0.00120000006 0.967499971 -0.00120000006 0.968500018 -0.00219999999 0.968500018 0 0.968500018 0 0.967499971 0.00120000006 0.968500018 0.00120000006 0.967499971 0.000613000011 0.967499971 0.00219999999 0.968500018 0.00219999999 0.967499971 0.00173699996 0.967499971 0.00173699996 0.968500018 0.000613000011 0.968500018 -0.00203999993 0.968500018 0.00203999993 0.968500018 0.00203999993 0.967499971 -0.00203999993 0.967499971 0 0.968191028 0.000780000002 0.996077001 0.000818 0.995889008 0.000869999989 0.968191028 0.00247900002 0.968191028 -0.00247900002 0.968191028 -0.00315500004 0.968191028 0.00170799997 0.968191028 0.00153100002 0.996303976 0.00160399999 0.996128023 0 0.995809019 0.00232900004 0.996514976 0.001666 0.995977998 0.00241900003 0.996379972 0.000849000004 0.995729983 0.00296399998 0.99703598 0.00348499999 0.997671008 0.00387199991 0.998395979 0.00362000009 0.997581005 0.00307799992 0.996922016 -0.000780000002 0.996077001 -0.000869999989 0.968191028 0.000869999989 0.968191028 -0 0.968191028 0.00247900002 0.968191028 -0.00247900002 0.968191028 -0.00170799997 0.968191028 -0.00315500004 0.968191028 0.00170799997 0.968191028 0.00411099987 0.999181986 0.00419100001 1 0.00392299984 1.00077999 0.00411099987 1.00081801 0.00369599997 1.001531 0.00387199991 1.00160396 0.00426999992 0.999150991 0.00348499999 1.00232899 0.00232900004 1.00348496 0.00160399999 1.00387204 0.00153100002 1.00369596 0.00296399998 1.00296402 0.000818 1.00411105 0.000780000002 1.00392306 -0.00170799997 0.968191028 0.00402199989 0.998333991 0 0.968353987 0.000849000004 0.968353987 0 0.995646 0.001666 0.968353987 0.00241900003 0.968353987 0.00307799992 0.968353987 0.00315500004 0.968191028 0.00435400009 1 -0.00241900003 0.968353987 -0.001666 0.968353987 -0.000849000004 0.968353987 0.00426999992 1.00084901 -0.00307799992 0.968353987 -0 0.968353987 0.000849000004 0.968353987 -0.000849000004 0.968353987 0.00362000009 1.00241899 0.001666 0.968353987 0.00402199989 1.00166595 0.00241900003 0.968353987 0.00307799992 1.00307798 0.00241900003 1.00362003 0.001666 1.004022 0.000849000004 1.00426996 0.00307799992 0.968353987 0.00315500004 0.968191028 -0.00307799992 0.968353987 -0.00241900003 0.968353987 -0.001666 0.968353987 -0.000849000004 0.968353987 -0.000869999989 0.968191028 -0 0.968353987 -0 0.968191028 0 1.00419104 0 1.004354 -0.000818 0.995889008 -0.000780000002 1.00392306 0.000869999989 0.968191028 0.00247900002 0.968191028 -0.00247900002 0.968191028 -0.00315500004 0.968191028 0.00170799997 0.968191028 -0.000818 1.00411105 -0.00153100002 1.00369596 -0.00160399999 1.00387204 -0.001666 1.004022 -0.00232900004 1.00348496 -0.00241900003 1.00362003 -0.000849000004 1.00426996 -0.00296399998 1.00296402 -0.00348499999 1.00232899 -0.00387199991 1.00160396 -0.00362000009 1.00241899 -0.00307799992 1.00307798 -0.000869999989 0.968191028 0.000869999989 0.968191028 -0 0.968191028 -0.00411099987 1.00081801 0.00315500004 0.968191028 -0.00247900002 0.968191028 -0.00170799997 0.968191028 -0.00315500004 0.968191028 0.00247900002 0.968191028 -0.00419100001 1 -0.00392299984 0.999220014 -0.00411099987 0.999181986 -0.00387199991 0.998395979 -0.00426999992 1.00084901 -0.00348499999 0.997671008 -0.00232900004 0.996514976 -0.00160399999 0.996128023 -0.00153100002 0.996303976 -0.00296399998 0.99703598 -0.00170799997 0.968191028 -0.00402199989 1.00166595 0.000849000004 0.968353987 0.001666 0.968353987 0.00241900003 0.968353987 0.00307799992 0.968353987 0.00315500004 0.968191028 -0.00435400009 1 -0.00241900003 0.968353987 -0.001666 0.968353987 -0.000849000004 0.968353987 -0.00426999992 0.999150991 -0.00307799992 0.968353987 -0 0.968353987 0.000849000004 0.968353987 -0.00362000009 0.997581005 0.001666 0.968353987 0.00170799997 0.968191028 -0.00402199989 0.998333991 0.00241900003 0.968353987 -0.00307799992 0.996922016 -0.00241900003 0.996379972 -0.001666 0.995977998 -0.000849000004 0.995729983 0.00307799992 0.968353987 -0.00307799992 0.968353987 -0.00241900003 0.968353987 -0.001666 0.968353987 -0.000869999989 0.968191028 -0.00220700004 0.992206991 -0.0067929998 0.992206991 -0.00249999994 0.99625802 -0.00657599978 0.99188298 -0.00242400006 0.99188298 -0.00249999994 0.99150002 -0.00650000013 0.99150002 -0.00711699994 0.992424011 -0.00749999983 0.992500007 -0.00415700022 0.998278022 -0.00374200009 0.997500002 -0.00896400027 0.992500007 -0.00318200001 0.996818006 -0.00188300002 0.992424011 -0.00172199996 0.995842993 -0.00150000001 0.992500007 0 0.995500028 0.00146399997 0.992500007 -0.000877999992 0.995585978 0.00292799994 0.992644012 0.00172199996 0.995842993 0.00433500018 0.99307102 0.0056309998 0.993763983 0.00249999994 0.99625802 0.00318200001 0.996818006 0.00676799985 0.994696975 0.000877999992 0.995585978 0.00374200009 0.997500002 0.00769999996 0.99583298 0.00415700022 0.998278022 0.00839400012 0.997129977 -0.00441400008 0.999122024 -0.00449999981 1 -0.00441400008 1.00087798 -0.00896400027 1.00750005 -0.00318200001 1.00318205 -0.00374200009 1.00250006 -0.00415700022 1.00172198 -0.00172199996 1.00415695 -0.00249999994 1.00374198 -0.000877999992 1.00441396 -0 1.00450003 0.00249999994 1.00374198 0.00172199996 1.00415695 0.00996400043 1.00750005 0.000877999992 1.00441396 0.00441400008 0.999122024 0.0088200001 0.998537004 0.00449999981 1 0.00896400027 1 0.00896400027 1.00250006 0.00441400008 1.00087798 0.00415700022 1.00172198 0.00374200009 1.00250006 0.00904100016 1.00288296 0.00925699994 1.00320697 0.00318200001 1.00318205 0.00958199985 1.00342405 0.00996400043 1.00349998 0.0914649963 1.00286996 0.0918909982 1.00146306 0.0311069991 1.00750005 0.0907720029 1.00416696 0.0920360014 1 0.0918909982 0.998537004 0.0914649963 0.997129977 0.0311069991 0.992500007 0.0898389965 0.994696975 0.0845360011 0.992500007 0.0907720029 0.99583298 0.0845360011 1.00750005 0.0898389965 1.00530303 0.087406002 1.00692904 0.0887020007 1.00623596 0.0859989971 1.00735605 0.0887020007 0.993763983 0.087406002 0.99307102 0.0859989971 0.992644012 -0.0311069991 1.00750005 -0.0918909982 1.00146306 -0.0914649963 1.00286996 -0.0907720029 1.00416696 -0.0920360014 1 -0.0311069991 0.992500007 -0.0914649963 0.997129977 -0.0918909982 0.998537004 -0.0907720029 0.99583298 -0.0845360011 0.992500007 -0.0898389965 0.994696975 -0.0898389965 1.00530303 -0.0845360011 1.00750005 -0.0887020007 1.00623596 -0.087406002 1.00692904 -0.0859989971 1.00735605 -0.087406002 0.99307102 -0.0887020007 0.993763983 -0.0859989971 0.992644012 -0.0301309992 1.00750005 -0.0301309992 0.992500007 -0.0291930009 1.00750005 -0.0291930009 0.992500007 -0.0275710002 1.00750005 -0.0275710002 0.992500007 -0.0283289999 0.992500007 -0.0283289999 1.00750005 -0.00749999983 0.950963974 -0.00749999983 0.966036022 0.00749999983 0.966036022 0.00749999983 0.950963974 -0.00994000025 0.992500007 -0.00994000025 1.00750005 -0.0108780004 0.992500007 -0.0108780004 1.00750005 -0.0117419995 0.992500007 -0.0125000002 0.992500007 -0.0125000002 1.00750005 -0.0117419995 1.00750005 0.00236100005 0.996465981 0.0067929998 0.992206991 0.00220700004 0.992206991 0.00242400006 0.99188298 0.00657599978 0.99188298 0.00650000013 0.99150002 0.00249999994 0.99150002 0.00711699994 0.992424011 0.0035339999 0.997639 0.00392600009 0.998373985 0.00749999983 0.992500007 0.00896400027 0.992500007 0.00300500006 0.996994972 0.00150000001 0.992500007 0.00162600004 0.996074021 0.00188300002 0.992424011 -0.00146399997 0.992500007 0 0.99575001 0.000829000026 0.995832026 -0.00162600004 0.996074021 -0.00292799994 0.992644012 -0.00433500018 0.99307102 -0.00236100005 0.996465981 -0.0056309998 0.993763983 -0.00676799985 0.994696975 -0.00300500006 0.996994972 -0.000829000026 0.995832026 -0.00769999996 0.99583298 -0.0035339999 0.997639 -0.00392600009 0.998373985 -0.00839400012 0.997129977 0.00425000023 1 0.00416800007 0.999171019 0.00896400027 1.00750005 0.00416800007 1.00082898 0.0035339999 1.00236106 0.00300500006 1.00300503 0.00392600009 1.00162601 0.00236100005 1.00353396 0.00162600004 1.00392604 -0 1.00425005 0.000829000026 1.00416803 -0.00996400043 1.00750005 -0.00162600004 1.00392604 -0.00236100005 1.00353396 -0.000829000026 1.00416803 -0.0088200001 0.998537004 -0.00416800007 0.999171019 -0.00896400027 1 -0.00425000023 1 -0.00416800007 1.00082898 -0.00896400027 1.00250006 -0.00392600009 1.00162601 -0.0035339999 1.00236106 -0.00904100016 1.00288296 -0.00925699994 1.00320697 -0.00300500006 1.00300503 -0.00958199985 1.00342405 -0.00996400043 1.00349998 0.00992100034 1.00750005 0.00992100034 0.992500007 0.0107319998 1.00750005 0.0107319998 0.992500007 -0.00749999983 0.964267969 0.00749999983 0.964267969 0.00749999983 0.949196994 -0.00749999983 0.949196994 0.0296429992 0.992500007 0.0296429992 1.00750005 0.0282359999 0.992500007 0.0282359999 1.00750005 0.0269399993 0.992500007 0.0258029997 0.992500007 0.0258029997 1.00750005 0.0269399993 1.00750005 0.0200360008 0.958500028 0.0182680003 0.956731975 0.0107319998 0.964267969 0.0125000002 0.966036022 0.0258029997 0.949196994 0.0283289999 0.950343013 0.0291930009 0.949881017 0.0275710002 0.950963974 0.0108780004 0.967118979 0.0117419995 0.966656983 0.00896400027 0.967499971 0.00992100034 0.964810014 0.00896400027 0.964999974 0.00994000025 0.967404008 0.0311069991 0.947000027 0.0311069991 0.949500024 0.0845360011 0.949500024 0.0845360011 0.947000027 0.0282359999 0.94757098 0.0269399993 0.948264003 0.0301309992 0.949595988 0.0296429992 0.947144032 -0.0133969998 0.967817008 -0.010888 0.968116999 -0.0106720002 0.967792988 -0.0131980004 0.967161 -0.0103470003 0.967576027 -0.0134640001 0.968500018 -0.0134640001 0.976000011 -0.0109639997 0.976000011 -0.0109639997 0.968500018 -0.0106469998 0.965067029 -0.0113040004 0.965265989 -0.00996400043 0.964999974 -0.00996400043 0.967499971 -0.0119089996 0.96559 -0.012875 0.966556013 -0.0124390004 0.966024995 0.002446 0.998263001 0.00219199993 0.99780798 0.00203999993 0.997799993 0.00172199996 0.99742198 0.00257800007 0.998278022 0.000605000008 0.996959984 -0 0.996900022 0.00118599995 0.997135997 0.0030400001 0.999395013 0.00293700001 0.999387026 0.00300000003 1 0.00286399992 0.998813987 0.00274899998 0.99879998 -0.00118599995 0.997135997 -0.00203999993 0.997799993 -0.000605000008 0.996959984 -0.00219199993 0.99780798 -0.00172199996 0.99742198 -0.002446 0.998263001 -0.00257800007 0.998278022 -0.00274899998 0.99879998 -0.00286399992 0.998813987 -0.0030400001 0.999395013 -0.00293700001 0.999387026 -0.00310000009 1 -0.00300000003 1 0.00310000009 1 0.00293700001 1.00061297 0.0030400001 1.00060499 0.00286399992 1.00118601 0.00274899998 1.00119996 0.00257800007 1.00172198 0.002446 1.001737 0.00203999993 1.00220001 0.00219199993 1.00219202 0.00172199996 1.00257802 0.000605000008 1.00303996 0.00118599995 1.002864 0 1.00310004 -0.00257800007 1.00172198 -0.00274899998 1.00119996 -0.00286399992 1.00118601 -0.00293700001 1.00061297 -0.002446 1.001737 -0.0030400001 1.00060499 -0.00203999993 1.00220001 -0.000605000008 1.00303996 -0.00118599995 1.002864 -0.00219199993 1.00219202 -0.00172199996 1.00257802 0.00146299996 0.949500024 0.00286999997 0.949500024 0.00286999997 0.947000027 0 0.949500024 0.00146299996 0.947000027 0 0.947000027 0.00416699983 0.947000027 0.00416699983 0.949500024 -0.0859989971 0.947000027 -0.0898389965 0.949500024 -0.0887020007 0.949500024 -0.0887020007 0.947000027 -0.087406002 0.949500024 -0.0859989971 0.949500024 -0.087406002 0.947000027 0.0053030001 0.947000027 -0.0898389965 0.947000027 0.0053030001 0.949500024 -0.00146299996 0.947000027 -0.00286999997 0.947000027 -0.00286999997 0.949500024 -0.00146299996 0.949500024 -0.00416699983 0.949500024 -0.00416699983 0.947000027 0.0859989971 0.949500024 0.0898389965 0.947000027 0.0887020007 0.947000027 0.0887020007 0.949500024 0.087406002 0.947000027 0.0859989971 0.947000027 0.087406002 0.949500024 -0.0053030001 0.949500024 0.0898389965 0.949500024 -0.0053030001 0.947000027 -0.00146299996 0.964999974 -0.00146299996 0.967499971 -0.00286999997 0.964999974 -0.00416699983 0.964999974 -0.00416699983 0.967499971 -0.00286999997 0.967499971 -0.0053030001 0.967499971 -0.0053030001 0.964999974 0.0056309998 0.964999974 0.00433500018 0.964999974 0.00433500018 0.967499971 0.00292799994 0.964999974 0.00292799994 0.967499971 0.00676799985 0.967499971 0.00676799985 0.964999974 0.0056309998 0.967499971 0.0103470003 1.00750005 0.0103470003 1.00349998 0.0106720002 1.00750005 0.0106720002 1.00349998 -0.00749999983 0.968500018 -0.00350000011 0.968500018 -0.00350000011 0.968116999 -0.00749999983 0.968116999 -0.00350000011 0.967792988 -0.00749999983 0.967792988 -0.00749999983 0.976000011 -0.00350000011 0.976000011 0.0109639997 1.00349998 0.0109639997 1.00750005 0.0134640001 1.00750005 0.0134640001 1.00349998 0.00749999983 0.976000011 0.00749999983 0.968500018 0.00350000011 0.968500018 0.00350000011 0.976000011 -0.0106469998 1.00349998 -0.0106469998 1.00750005 -0.0113040004 1.00349998 -0.0119089996 1.00349998 -0.0119089996 1.00750005 -0.0113040004 1.00750005 -0.0124390004 1.00750005 -0.0124390004 1.00349998 0.00350000011 0.966556013 0.00350000011 0.967161 0.00749999983 0.967161 0.00350000011 0.967817008 0.00749999983 0.967817008 0.00749999983 0.966024995 0.00350000011 0.966024995 0.00749999983 0.966556013 0.012875 0.966556013 0.0134640001 0.968500018 0.0131980004 0.967161 0.0133969998 0.967817008 0.0109639997 0.968500018 0.0124390004 0.966024995 0.0119089996 0.96559 0.0113040004 0.965265989 0.0134640001 0.976000011 0.0109639997 0.976000011 0.0106469998 0.965067029 0.0106720002 0.967792988 0.010888 0.968116999 0.00996400043 0.964999974 0.0103470003 0.967576027 0.00996400043 0.967499971 -0.0101650003 0.965505004 -0.00899699982 0.967997015 -0.00964699965 0.965228021 -0.0106189996 0.96587801 -0.00908499956 0.965057969 -0.008959 0.967806995 -0.0109919999 0.966332018 -0.0112690004 0.966849983 -0.0114970002 0.967997015 -0.0114390003 0.967411995 -0.00868999958 0.967537999 -0.00850000046 0.964999974 -0.00885100011 0.967646003 -0.0114970002 0.976000011 -0.00899699982 0.976000011 -0.00850000046 0.967499971 0.0109919999 0.966332018 0.0114970002 0.967997015 0.0112690004 0.966849983 0.0114390003 0.967411995 0.00899699982 0.967997015 0.0106189996 0.96587801 0.0101650003 0.965505004 0.00964699965 0.965228021 0.0114970002 0.976000011 0.008959 0.967806995 0.00908499956 0.965057969 0.00885100011 0.967646003 0.00850000046 0.964999974 0.00868999958 0.967537999 0.00850000046 0.967499971 0.00899699982 0.976000011 -0.00249999994 0.967997015 -0.00249999994 0.967411995 -0.00650000013 0.967997015 -0.00249999994 0.966849983 -0.00650000013 0.966849983 -0.00650000013 0.966332018 -0.00249999994 0.966332018 -0.00650000013 0.967411995 -0.00249999994 0.96587801 -0.00650000013 0.96587801 0.00650000013 0.989835024 0.00249999994 0.989835024 0.00249999994 0.990352988 0.00249999994 0.990915 0.00650000013 0.990352988 0.00650000013 0.990915 0.00650000013 0.989381015 0.00249999994 0.989381015 -0.00650000013 0.976000011 -0.00249999994 0.976000011 -0.00650000013 0.991002977 -0.00249999994 0.991002977 -0.00249999994 0.988502979 -0.00650000013 0.988502979 0.00249999994 0.976000011 0.00650000013 0.976000011 0.00650000013 0.967997015 0.00249999994 0.967997015 0.00249999994 0.967806995 0.00650000013 0.967806995 0.00249999994 0.967646003 0.00650000013 0.967646003 -0.00650000013 0.99131 -0.00249999994 0.99131 -0.00650000013 0.991149008 -0.00249999994 0.991149008 -0.00711699994 0.967499971 -0.00711699994 0.964999974 -0.0067929998 0.967499971 -0.0067929998 0.964999974 0.00811699964 0.964999974 0.00811699964 0.967499971 0.00779299997 0.964999974 0.00779299997 0.967499971 -0.00188300002 0.964999974 -0.00188300002 0.967499971 -0.00811699964 0.967499971 -0.00220700004 0.964999974 -0.00220700004 0.967499971 -0.00779299997 0.964999974 -0.00811699964 0.964999974 -0.00779299997 0.967499971 0.00958199985 0.964999974 0.00958199985 0.967499971 0.00925699994 0.964999974 0.00925699994 0.967499971 0.00288300007 0.967499971 0.00288300007 0.964999974 0.00320699997 0.967499971 0.00320699997 0.964999974 0.00172199996 1.00257802 0.00236100005 1.00353396 0.00219199993 1.00219202 0.00300500006 1.00300503 0.0035339999 1.00236106 0.00118599995 1.002864 0.000829000026 1.00416803 0.00162600004 1.00392604 0.000605000008 1.00303996 0 1.00310004 0.0030400001 1.00060499 0.00392600009 1.00162601 0.00416800007 1.00082898 0.00425000023 1 0.00310000009 1 0.0030400001 0.999395013 0.00257800007 1.00172198 0.00286399992 1.00118601 -0.000829000026 1.00416803 -0 1.00425005 -0.000605000008 1.00303996 -0.00118599995 1.002864 -0.00236100005 1.00353396 -0.00162600004 1.00392604 -0.00172199996 1.00257802 -0.00300500006 1.00300503 -0.00257800007 1.00172198 -0.00219199993 1.00219202 -0.00286399992 1.00118601 -0.0035339999 1.00236106 -0.00392600009 1.00162601 -0.00416800007 1.00082898 -0.0030400001 1.00060499 -0.00310000009 1 0.00286399992 0.998813987 0.00416800007 0.999171019 0.00392600009 0.998373985 0.00257800007 0.998278022 0.0035339999 0.997639 0.00236100005 0.996465981 0.00172199996 0.99742198 0.00219199993 0.99780798 0.00300500006 0.996994972 0.00162600004 0.996074021 0.00118599995 0.997135997 0.000605000008 0.996959984 0 0.996900022 -0 0.99575001 0.000829000026 0.995832026 -0.000605000008 0.996959984 -0.0030400001 0.999395013 -0.00286399992 0.998813987 -0.00392600009 0.998373985 -0.0035339999 0.997639 -0.00257800007 0.998278022 -0.00425000023 1 -0.00416800007 0.999171019 -0.00219199993 0.99780798 -0.00300500006 0.996994972 -0.00118599995 0.997135997 -0.00162600004 0.996074021 -0.000829000026 0.995832026 -0.00236100005 0.996465981 -0.00172199996 0.99742198 -0.000829000026 0.964999974 -0.000829000026 0.965499997 -0 0.965499997 -0.00236100005 0.964999974 -0.00236100005 0.965499997 -0.00162600004 0.965499997 -0.00162600004 0.964999974 0.00236100005 0.964999974 0.00236100005 0.965499997 0.00300500006 0.965499997 0.000829000026 0.964999974 0.000829000026 0.965499997 0.00162600004 0.965499997 0.00162600004 0.964999974 -0.00300500006 0.964999974 -0.00300500006 0.965499997 -0.000829000026 0.964999974 -0.000829000026 0.965499997 0 0.965499997 -0.00236100005 0.964999974 -0.00236100005 0.965499997 -0.00162600004 0.965499997 -0.00162600004 0.964999974 0.00236100005 0.964999974 0.00236100005 0.965499997 0.00300500006 0.965499997 0.000829000026 0.964999974 0.000829000026 0.965499997 0.00162600004 0.965499997 0.00162600004 0.964999974 -0.00300500006 0.964999974 -0.00300500006 0.965499997 0 0.964999974 0 0.964999974 0.00300500006 0.964999974 0.00300500006 0.964999974 0 0.964999974 0 0.965499997 0.000829000026 0.964999974 -0.000829000026 0.964999974 -0.000829000026 0.965499997 -0.00236100005 0.964999974 -0.00236100005 0.965499997 -0.00162600004 0.965499997 -0.00162600004 0.964999974 0.00236100005 0.964999974 0.00236100005 0.965499997 0.00300500006 0.965499997 0.000829000026 0.964999974 0.000829000026 0.965499997 0.00162600004 0.965499997 0.00162600004 0.964999974 -0.00300500006 0.964999974 -0.00300500006 0.965499997 -0.000829000026 0.964999974 -0.000829000026 0.965499997 0 0.965499997 -0.00236100005 0.964999974 -0.00236100005 0.965499997 -0.00162600004 0.965499997 -0.00162600004 0.964999974 0.00236100005 0.964999974 0.00236100005 0.965499997 0.00300500006 0.965499997 0.000829000026 0.965499997 0.00162600004 0.965499997 0.00162600004 0.964999974 -0.00300500006 0.964999974 -0.00300500006 0.965499997 0 0.964999974 0.00300500006 0.964999974 0.00300500006 0.964999974 </float_array>
          <technique_common>
            <accessor count="1026" offset="0" source="#meshesQ1S-tex0-array" stride="2">
              <param name="S" type="float" />
              <param name="T" type="float" />
            </accessor>
          </technique_common>
        </source>
        <vertices id="meshesQ1S-vertices">
          <input semantic="POSITION" source="#meshesQ1S-positions" />
        </vertices>
        <polylist count="1067" material="defaultMaterial">
          <input offset="0" semantic="VERTEX" source="#meshesQ1S-vertices" />
          <input offset="0" semantic="NORMAL" source="#meshesQ1S-normals" />
          <input offset="0" semantic="TEXCOORD" source="#meshesQ1S-tex0" set="0" />
          <vcount>3 3 3 3 3 3 3 3 3 3 3 3 3 3 3 3 3 3 3 3 3 3 3 3 3 3 3 3 3 3 3 3 3 3 3 3 3 3 3 3 3 3 3 3 3 3 3 3 3 3 3 3 3 3 3 3 3 3 3 3 3 3 3 3 3 3 3 3 3 3 3 3 3 3 3 3 3 3 3 3 3 3 3 3 3 3 3 3 3 3 3 3 3 3 3 3 3 3 3 3 3 3 3 3 3 3 3 3 3 3 3 3 3 3 3 3 3 3 3 3 3 3 3 3 3 3 3 3 3 3 3 3 3 3 3 3 3 3 3 3 3 3 3 3 3 3 3 3 3 3 3 3 3 3 3 3 3 3 3 3 3 3 3 3 3 3 3 3 3 3 3 3 3 3 3 3 3 3 3 3 3 3 3 3 3 3 3 3 3 3 3 3 3 3 3 3 3 3 3 3 3 3 3 3 3 3 3 3 3 3 3 3 3 3 3 3 3 3 3 3 3 3 3 3 3 3 3 3 3 3 3 3 3 3 3 3 3 3 3 3 3 3 3 3 3 3 3 3 3 3 3 3 3 3 3 3 3 3 3 3 3 3 3 3 3 3 3 3 3 3 3 3 3 3 3 3 3 3 3 3 3 3 3 3 3 3 3 3 3 3 3 3 3 3 3 3 3 3 3 3 3 3 3 3 3 3 3 3 3 3 3 3 3 3 3 3 3 3 3 3 3 3 3 3 3 3 3 3 3 3 3 3 3 3 3 3 3 3 3 3 3 3 3 3 3 3 3 3 3 3 3 3 3 3 3 3 3 3 3 3 3 3 3 3 3 3 3 3 3 3 3 3 3 3 3 3 3 3 3 3 3 3 3 3 3 3 3 3 3 3 3 3 3 3 3 3 3 3 3 3 3 3 3 3 3 3 3 3 3 3 3 3 3 3 3 3 3 3 3 3 3 3 3 3 3 3 3 3 3 3 3 3 3 3 3 3 3 3 3 3 3 3 3 3 3 3 3 3 3 3 3 3 3 3 3 3 3 3 3 3 3 3 3 3 3 3 3 3 3 3 3 3 3 3 3 3 3 3 3 3 3 3 3 3 3 3 3 3 3 3 3 3 3 3 3 3 3 3 3 3 3 3 3 3 3 3 3 3 3 3 3 3 3 3 3 3 3 3 3 3 3 3 3 3 3 3 3 3 3 3 3 3 3 3 3 3 3 3 3 3 3 3 3 3 3 3 3 3 3 3 3 3 3 3 3 3 3 3 3 3 3 3 3 3 3 3 3 3 3 3 3 3 3 3 3 3 3 3 3 3 3 3 3 3 3 3 3 3 3 3 3 3 3 3 3 3 3 3 3 3 3 3 3 3 3 3 3 3 3 3 3 3 3 3 3 3 3 3 3 3 3 3 3 3 3 3 3 3 3 3 3 3 3 3 3 3 3 3 3 3 3 3 3 3 3 3 3 3 3 3 3 3 3 3 3 3 3 3 3 3 3 3 3 3 3 3 3 3 3 3 3 3 3 3 3 3 3 3 3 3 3 3 3 3 3 3 3 3 3 3 3 3 3 3 3 3 3 3 3 3 3 3 3 3 3 3 3 3 3 3 3 3 3 3 3 3 3 3 3 3 3 3 3 3 3 3 3 3 3 3 3 3 3 3 3 3 3 3 3 3 3 3 3 3 3 3 3 3 3 3 3 3 3 3 3 3 3 3 3 3 3 3 3 3 3 3 3 3 3 3 3 3 3 3 3 3 3 3 3 3 3 3 3 3 3 3 3 3 3 3 3 3 3 3 3 3 3 3 3 3 3 3 3 3 3 3 3 3 3 3 3 3 3 3 3 3 3 3 3 3 3 3 3 3 3 3 3 3 3 3 3 3 3 3 3 3 3 3 3 3 3 3 3 3 3 3 3 3 3 3 3 3 3 3 3 3 3 3 3 3 3 3 3 3 3 3 3 3 3 3 3 3 3 3 3 3 3 3 3 3 3 3 3 3 3 3 3 3 3 3 3 3 3 3 3 3 3 3 3 3 3 3 3 3 3 3 3 3 3 3 3 3 3 3 3 3 3 3 3 3 3 3 3 3 3 3 3 3 3 3 3 3 3 3 3 3 3 3 3 3 3 3 3 3 3 3 3 3 3 3 3 3 3 3 3 3 3 3 3 3 3 3 3 3 3 3 3 3 3 3 3 3 3 3 3 3 3 3 3 3 3 3 3 3 3 3 3 3 3 3 3 3 3 3 3 3 3 3 3 3 3 3 3 3 3 3 3 3 3 3 3 3 3 3 3 3 3 3 3 3 3 3 3 3 3 3 3 3 3 3 3 3 3 3 3 3 3 3 3 3 3 3 3 3 3 3 3 3 3 3 3 3 3 3 3 3 3 3 3 3 3 3 3 3 3 3 3 </vcount>
          <p>0 1 2 3 4 5 3 5 1 6 7 8 9 10 11 9 11 7 12 13 4 14 15 16 17 18 19 20 19 15 21 22 23 24 25 26 21 26 22 27 28 18 29 16 10 2 30 0 4 3 31 3 1 0 8 32 6 10 9 33 9 7 6 12 4 31 16 29 14 19 20 17 20 15 14 23 34 21 25 24 35 24 26 21 27 18 17 29 10 33 25 36 37 38 30 2 39 40 37 41 42 43 44 43 40 45 46 47 48 49 50 51 50 46 52 53 42 54 55 56 57 58 59 57 59 55 60 61 62 38 63 64 65 64 61 66 67 58 68 56 49 37 36 39 43 44 41 44 40 39 47 69 45 50 51 48 51 46 45 52 42 41 56 68 54 58 57 66 57 55 54 62 70 60 64 65 38 65 61 60 71 67 66 68 49 48 38 2 63 25 35 36 72 73 74 74 75 72 76 77 78 76 79 77 80 79 76 81 82 83 82 81 84 82 84 85 82 85 86 85 84 80 84 79 80 78 87 76 76 88 89 90 91 92 93 92 91 93 91 94 90 92 95 88 76 87 88 96 89 89 96 97 98 97 96 98 96 90 90 95 98 99 100 101 101 102 99 103 104 105 106 104 103 107 103 105 107 108 109 105 108 107 110 107 109 111 112 113 114 111 115 112 106 113 111 113 115 115 116 114 104 106 112 117 118 119 117 120 118 121 117 122 122 117 119 120 107 110 123 124 125 121 123 125 126 124 123 127 128 129 126 129 128 126 128 124 120 117 107 117 121 125 130 116 131 115 131 116 132 130 131 132 133 134 133 135 136 130 132 134 136 135 137 138 137 135 135 139 140 140 138 135 134 133 136 139 135 141 142 143 144 145 144 127 146 145 127 142 144 145 142 147 143 129 146 127 148 149 141 150 148 141 143 147 151 152 151 147 141 151 152 152 150 141 141 149 139 153 154 155 156 157 158 154 156 159 160 161 162 163 164 165 161 163 166 157 167 168 169 170 171 172 173 174 170 172 175 176 177 178 179 180 181 177 179 182 173 183 184 164 169 185 155 186 153 158 159 156 155 154 159 162 187 160 165 166 163 162 161 166 158 157 168 171 185 169 174 175 172 171 170 175 178 188 176 181 182 179 178 177 182 174 173 184 165 164 185 189 190 180 153 186 191 189 192 193 194 195 196 192 194 197 198 199 200 201 202 203 199 201 204 195 205 206 207 208 209 210 211 212 208 210 213 214 215 216 217 218 191 215 217 219 211 220 221 202 207 222 193 190 189 196 197 194 193 192 197 200 223 198 203 204 201 200 199 204 196 195 206 209 222 207 212 213 210 209 208 213 216 224 214 191 219 217 216 215 219 212 211 221 203 202 222 218 153 191 190 181 180 225 226 227 228 229 230 231 230 226 225 227 232 231 228 230 226 225 231 228 233 229 233 234 229 235 236 237 238 239 240 241 240 236 242 234 233 236 235 241 240 241 238 235 237 242 237 234 242 243 244 245 245 246 243 247 248 249 250 251 252 253 252 248 247 249 254 253 250 252 248 247 253 250 255 251 255 256 251 257 258 259 260 261 262 263 262 258 264 256 255 258 257 263 262 263 260 257 259 264 259 256 264 265 266 267 267 268 265 181 190 269 139 270 271 181 272 182 188 178 273 175 174 274 184 275 174 182 276 178 270 277 278 139 271 279 150 280 277 271 278 281 271 270 278 278 277 280 278 280 282 150 152 280 279 271 283 152 147 284 147 285 284 285 147 142 285 142 286 284 285 287 152 284 280 280 284 288 279 289 139 185 171 290 166 165 291 185 292 165 145 286 142 187 162 293 159 158 294 155 159 295 168 296 158 166 297 162 298 146 299 298 286 145 300 301 146 302 303 300 286 298 304 298 145 146 305 302 123 306 121 122 307 122 308 309 123 121 310 308 311 175 312 171 285 286 313 314 315 272 316 279 283 317 318 273 281 278 282 282 280 288 318 319 320 271 281 283 315 317 276 298 321 304 301 299 146 322 323 312 287 285 313 313 286 304 323 324 290 301 325 299 287 288 284 299 321 298 326 322 274 269 272 181 269 314 272 276 273 178 276 317 273 273 318 320 273 320 188 315 276 272 272 276 182 322 312 274 274 275 326 312 290 171 312 323 290 290 324 292 290 292 185 327 328 291 274 312 175 327 292 324 275 274 174 299 325 321 314 269 329 303 305 330 305 303 302 328 331 297 325 301 332 330 332 303 331 333 293 309 334 305 332 301 303 306 335 309 306 309 121 307 336 306 335 334 309 310 307 308 337 307 310 306 122 307 334 330 305 305 123 309 333 338 339 328 297 291 294 340 341 297 293 162 297 331 293 293 333 339 293 339 187 294 296 340 291 297 166 342 343 344 337 336 307 294 295 159 294 341 295 344 295 342 295 344 155 345 346 343 295 341 342 335 306 336 296 294 158 347 348 310 291 292 327 301 300 303 292 291 165 120 347 311 349 279 316 191 186 346 120 350 347 191 351 219 224 216 352 213 212 353 221 354 212 219 355 216 350 356 347 356 350 357 356 358 359 358 356 357 358 357 108 358 360 361 360 358 108 347 356 362 105 104 363 104 364 363 104 112 365 104 365 364 363 364 366 105 363 360 108 105 360 360 363 367 347 310 311 222 209 368 204 203 369 222 370 203 371 112 111 223 200 372 197 196 373 193 197 374 206 375 196 204 376 200 111 377 371 365 112 371 378 379 114 130 380 378 365 371 381 111 114 377 382 130 134 383 136 137 384 137 385 386 134 136 349 385 289 213 387 209 364 365 388 345 389 351 348 347 362 390 391 352 359 358 361 361 360 367 391 392 393 356 359 362 389 390 355 371 394 381 379 377 114 395 396 387 366 364 388 388 365 381 396 397 368 379 398 377 366 367 363 377 394 371 399 395 353 346 351 191 346 345 351 355 352 216 355 390 352 352 391 393 352 393 224 389 355 351 351 355 219 395 387 353 353 354 399 387 368 209 387 396 368 368 397 370 368 370 222 400 401 369 353 387 213 400 370 397 354 353 212 377 398 394 346 344 343 380 382 402 382 380 130 401 403 404 398 379 405 402 405 380 403 406 376 386 407 382 405 379 380 383 408 386 383 386 136 384 409 383 408 407 386 349 384 385 410 384 349 383 137 384 407 402 382 382 134 386 406 411 372 401 404 369 373 412 413 404 376 204 404 403 376 376 406 372 376 372 200 373 375 412 369 404 204 414 329 415 410 409 384 373 374 197 373 413 374 415 374 414 374 415 193 329 269 415 374 413 414 408 383 409 375 373 196 316 410 349 369 370 400 379 378 380 370 369 203 349 289 279 348 337 310 155 344 186 344 346 186 269 190 415 190 193 415 416 417 418 419 417 420 421 422 420 420 422 419 417 416 420 417 423 418 424 425 426 425 424 427 426 428 423 424 426 423 429 430 431 430 429 418 429 416 418 428 418 423 431 432 433 432 431 434 435 433 436 437 435 436 438 437 439 438 440 441 433 432 442 440 438 439 439 437 436 441 443 444 441 440 443 445 444 443 444 445 446 436 433 442 431 430 434 447 427 448 449 448 450 451 452 450 453 450 452 449 450 453 425 427 447 454 455 450 456 450 457 450 456 454 455 451 450 458 459 460 460 461 457 460 459 461 460 457 450 450 448 427 462 463 446 463 464 465 464 463 462 466 465 467 467 465 464 467 468 466 462 446 445 466 469 470 469 466 468 471 469 472 469 471 470 473 471 460 460 474 473 471 472 460 472 458 460 475 476 477 477 478 475 477 476 479 480 481 482 483 484 485 485 482 481 479 480 482 486 487 478 486 488 489 486 478 477 490 488 486 479 482 477 484 491 492 493 484 492 484 483 491 485 484 482 487 486 489 494 495 496 496 497 494 498 495 494 499 500 501 502 503 504 500 499 502 499 501 498 497 505 506 507 508 506 494 497 506 506 508 509 494 499 498 510 511 503 510 503 512 511 504 503 499 503 502 507 506 505 513 514 499 494 513 499 515 516 514 513 515 514 517 518 519 520 516 515 519 520 517 519 516 520 521 522 523 523 524 521 427 525 526 427 526 450 525 527 528 525 528 526 529 530 531 528 527 532 531 532 529 532 527 529 533 534 535 536 534 537 536 538 539 537 538 536 536 535 534 533 540 534 541 542 543 544 543 542 540 545 541 540 541 543 546 547 548 533 548 547 533 535 548 540 533 545 549 550 546 551 546 550 552 549 553 552 553 554 555 554 556 557 558 556 559 550 549 555 556 558 552 554 555 560 561 557 561 558 557 561 560 562 563 562 560 559 549 552 551 547 546 564 544 565 566 564 567 566 568 569 568 566 570 570 566 567 565 544 542 566 571 572 573 566 574 572 574 566 566 569 571 575 576 577 573 578 575 578 576 575 566 573 575 544 564 566 563 579 580 581 582 579 580 579 582 583 581 584 582 581 583 584 585 583 562 563 580 585 584 586 587 586 584 588 589 587 586 587 589 575 588 590 590 591 575 575 589 588 575 577 589 544 592 593 566 592 544 592 594 593 595 593 594 596 597 598 598 599 596 482 600 601 482 601 477 600 602 603 600 603 601 604 605 606 603 602 607 606 607 604 607 602 604 608 609 610 611 608 610 612 613 614 612 615 613 616 617 618 611 610 619 611 620 617 612 609 615 611 619 620 618 621 616 622 623 624 624 625 622 622 626 623 627 612 628 614 628 612 622 629 626 626 627 623 627 628 623 609 608 615 630 631 632 633 632 634 635 636 637 631 630 635 637 638 635 638 631 635 630 632 633 639 640 641 642 641 643 641 618 620 642 618 641 644 642 645 640 643 641 643 645 642 633 642 644 633 634 642 617 620 618 646 647 648 649 648 647 650 647 646 648 651 652 648 649 653 651 648 653 654 655 656 657 655 654 658 657 650 655 657 658 658 650 646 659 660 661 652 661 660 662 660 663 659 663 660 664 660 662 652 660 648 665 666 664 667 666 665 662 665 664 668 669 667 669 666 667 670 671 668 669 668 671 672 654 656 673 674 656 672 656 674 675 674 673 676 677 675 673 676 675 677 676 678 679 680 678 677 678 680 681 680 679 679 682 683 681 679 683 682 679 684 685 686 687 688 687 686 686 685 689 670 690 671 687 688 690 688 671 690 684 691 692 693 692 691 685 694 689 691 689 694 694 695 691 693 691 695 679 691 684 696 697 698 699 696 700 696 698 700 700 701 699 697 702 698 697 703 702 81 83 704 705 706 707 708 709 704 706 708 710 702 703 711 710 707 706 704 710 708 712 705 707 709 81 704 711 703 713 714 715 716 701 714 717 714 716 717 717 699 701 715 718 716 715 719 718 625 624 720 721 722 723 724 725 726 722 724 726 718 719 727 726 723 722 720 726 725 728 721 723 725 625 720 727 719 729 102 730 731 732 733 734 730 732 735 99 102 731 732 734 735 735 731 730 733 736 734 733 737 736 738 739 740 741 74 73 739 741 742 743 744 745 742 740 739 73 742 741 745 738 740 745 744 738 746 747 474 460 746 474 748 749 747 746 748 747 750 751 752 753 754 755 752 753 750 752 754 753 750 756 757 757 751 750 758 759 760 760 761 758 762 763 764 764 765 762 591 766 767 768 769 770 766 768 771 575 591 767 768 770 771 771 767 766 769 772 770 769 773 772 774 775 776 777 764 763 775 777 778 779 780 781 778 776 775 763 778 777 781 774 776 781 780 774 782 783 784 783 785 784 783 782 786 786 782 787 786 787 788 789 786 788 790 786 791 790 783 786 789 792 793 794 789 793 795 796 792 793 792 796 796 795 797 786 789 794 798 799 800 801 799 798 802 800 803 804 805 806 805 807 806 801 804 806 808 809 802 808 802 810 803 800 799 810 802 803 799 801 806 811 799 806 799 811 812 813 809 808 814 815 816 815 817 816 818 815 819 819 815 814 818 819 820 821 818 820 815 818 822 818 821 823 824 825 823 821 824 823 826 827 824 825 824 827 827 826 828 829 822 818 830 831 832 831 833 834 835 833 836 832 831 837 833 835 834 834 837 831 835 838 839 835 836 838 840 841 842 842 843 844 539 845 843 846 847 840 844 840 842 538 845 539 843 845 844 840 847 841 848 849 830 830 832 848 850 851 852 852 853 850 854 855 856 856 857 854 856 858 857 856 859 858 860 858 859 861 860 859 862 421 863 863 864 862 421 862 422 865 864 863 866 867 95 92 866 95 868 869 867 866 868 867 828 826 870 871 872 873 870 871 828 870 872 871 72 75 874 874 875 72 876 809 813 877 878 875 879 880 881 876 881 880 809 876 880 874 877 875 882 883 797 795 882 797 884 885 883 882 884 883 101 100 886 887 888 889 886 887 101 886 888 887 890 891 892 892 893 894 891 893 892 891 890 895 896 897 895 895 898 896 897 891 895 896 898 899 900 901 902 902 903 900 904 903 905 904 900 903 892 894 906 900 907 901 906 901 907 906 894 901 908 909 910 899 910 909 909 896 899 908 910 911 912 913 911 914 912 911 912 914 915 913 908 911 916 915 917 916 918 919 916 919 915 919 918 920 921 922 923 922 921 920 918 922 920 917 915 914 924 905 925 925 905 903 924 925 926 927 926 928 927 924 926 929 930 931 927 928 931 931 928 932 929 933 930 929 931 932 933 934 930 934 933 935 936 935 937 938 937 935 935 933 938 936 937 939 940 941 942 943 941 944 942 941 943 923 945 921 945 923 946 946 923 940 940 942 946 944 947 948 949 939 950 951 950 939 939 937 951 949 950 952 944 948 943 947 953 952 948 947 952 953 949 952 954 955 956 957 958 959 960 959 955 961 962 963 964 965 966 967 966 962 968 969 958 970 971 972 973 974 975 976 975 971 977 978 979 980 981 982 983 982 978 984 985 974 986 972 965 956 987 954 959 960 957 960 955 954 963 988 961 966 967 964 967 962 961 968 958 957 972 986 970 975 976 973 976 971 970 979 989 977 982 983 980 983 978 977 984 974 973 986 965 964 981 990 991 992 987 956 993 994 991 995 996 997 998 997 994 999 1000 1001 1002 1003 1004 1005 1004 1000 1006 1007 996 1008 1009 1010 1011 1012 1013 1014 1013 1009 1015 1016 1017 992 1018 1019 1020 1019 1016 1021 1022 1012 1023 1010 1003 991 990 993 997 998 995 998 994 993 1001 1024 999 1004 1005 1002 1005 1000 999 1006 996 995 1010 1023 1008 1013 1014 1011 1014 1009 1008 1017 1025 1015 1019 1020 992 1020 1016 1015 1021 1012 1011 1023 1003 1002 992 956 1018 981 980 990 </p>
        </polylist>
      </mesh>
    </geometry>
  </library_geometries>
  <library_controllers>
  </library_controllers>
  <library_visual_scenes>
    <visual_scene id="empty_2" name="empty_2">
      <node id="oWMesh" name="o Mesh" type="NODE">
        <matrix sid="matrix">1 0 0 0 0 1 0 0 0 0 1 0 0 0 0 1</matrix>
        <instance_geometry url="#meshesQ0S-0">
          <bind_material>
            <technique_common>
              <instance_material symbol="defaultMaterial" target="#Diffuse">
                <bind_vertex_input semantic="CHANNEL0" input_semantic="TEXCOORD" input_set="0"/>
              </instance_material>
            </technique_common>
          </bind_material>
        </instance_geometry>
        <instance_geometry url="#meshesQ0S-1">
          <bind_material>
            <technique_common>
              <instance_material symbol="defaultMaterial" target="#Diffuse_1">
                <bind_vertex_input semantic="CHANNEL0" input_semantic="TEXCOORD" input_set="0"/>
              </instance_material>
            </technique_common>
          </bind_material>
        </instance_geometry>
      </node>
      <node id="oWMesh_3" name="o Mesh_3" type="NODE">
        <matrix sid="matrix">1 0 0 0 0 1 0 0 0 0 1 0 0 0 0 1</matrix>
        <instance_geometry url="#meshesQ1S">
          <bind_material>
            <technique_common>
              <instance_material symbol="defaultMaterial" target="#Diffuse_3">
                <bind_vertex_input semantic="CHANNEL0" input_semantic="TEXCOORD" input_set="0"/>
              </instance_material>
            </technique_common>
          </bind_material>
        </instance_geometry>
      </node>
    </visual_scene>
  </library_visual_scenes>
  <scene>
    <instance_visual_scene url="#empty_2" />
  </scene>
</COLLADA>
